companyId,tickers,ledgerNews,latestLedgerNews,engineExportNews,policyAllowedNews,consumerNews,productionNews,initiallyVisibleNews,renderedNewsIncludingArchive,primaryCurrentIntelligence,germanProfile,financials,whatChanged,staleFinancials,availableStaleFinancials,nextEventVisible,nextEventKinds,callsAvailable,documentsAvailable,losses
iss_cik_0000002098,ACU,0,,0,0,0,0,0,0,False,True,UNAVAILABLE,0,True,False,False,[],False,False,"[{""class"":""DATA_DOES_NOT_EXIST"",""stage"":""PRIVATE_LEDGER_NEWS"",""count"":0}]"
iss_cik_0000002488,AMD,10,2026-09-28T20:05:00Z,10,10,10,10,3,10,True,True,AVAILABLE,9,False,False,True,['ESTIMATED'],False,True,[]
iss_cik_0000004977,AFL,10,2026-09-30T20:05:00Z,10,10,10,10,3,10,True,True,AVAILABLE,5,False,False,True,['CONFIRMED'],False,True,[]
iss_cik_0000019584,CHE,10,2026-10-01T13:00:00Z,10,10,10,10,3,10,True,False,AVAILABLE,8,False,False,True,['CONFIRMED'],False,True,[]
iss_cik_0000019617,JPM,0,,0,0,0,0,0,0,True,False,AVAILABLE,3,False,False,True,['ESTIMATED'],False,True,"[{""class"":""DATA_DOES_NOT_EXIST"",""stage"":""PRIVATE_LEDGER_NEWS"",""count"":0}]"
iss_cik_0000027419,TGT,0,,0,0,0,0,0,0,False,True,AVAILABLE,8,False,False,True,['ESTIMATED'],False,True,"[{""class"":""DATA_DOES_NOT_EXIST"",""stage"":""PRIVATE_LEDGER_NEWS"",""count"":0}]"
iss_cik_0000046195,BOH,9,2026-10-02T20:02:00Z,9,9,4,4,2,4,True,True,AVAILABLE,4,False,False,True,['CONFIRMED'],True,True,"[{""class"":""DATA_EXISTS_BUT_IS_NOT_EXPORTED"",""stage"":""APPROVED_CONSUMER_PROJECTION"",""count"":5,""reason"":""DETERMINISTIC_180_DAY_RETENTION"",""verifiedOlderThanRetention"":5}]"
iss_cik_0000070858,BAC,1,2026-10-06T12:00:00Z,1,0,0,0,0,0,False,False,AVAILABLE,6,False,False,True,['ESTIMATED'],False,True,"[{""class"":""DATA_EXISTS_BUT_IS_FILTERED"",""stage"":""SOURCE_USAGE"",""count"":1,""reasons"":{""UNAPPROVED_PUBLISHER"":1},""reason"":""SOURCE_POLICY_EXCLUSION; not a transport defect""}]"
iss_cik_0000091142,AOS,10,2026-10-02T13:00:00Z,10,10,8,8,3,8,True,True,AVAILABLE,8,False,False,True,['ESTIMATED'],False,True,"[{""class"":""DATA_EXISTS_BUT_IS_NOT_EXPORTED"",""stage"":""APPROVED_CONSUMER_PROJECTION"",""count"":2,""reason"":""DETERMINISTIC_180_DAY_RETENTION"",""verifiedOlderThanRetention"":2}]"
iss_cik_0000320193,AAPL,20,,20,20,20,20,0,20,True,True,AVAILABLE,9,False,False,True,['ESTIMATED'],False,True,[]
iss_cik_0000705432,SBSI,10,2026-08-06T20:30:00Z,10,10,6,6,3,6,True,True,AVAILABLE,4,False,False,True,['ESTIMATED'],True,True,"[{""class"":""DATA_EXISTS_BUT_IS_NOT_EXPORTED"",""stage"":""APPROVED_CONSUMER_PROJECTION"",""count"":4,""reason"":""DETERMINISTIC_180_DAY_RETENTION"",""verifiedOlderThanRetention"":4}]"
iss_cik_0000713676,PNC,0,,0,0,0,0,0,0,False,True,AVAILABLE,5,False,False,True,['ESTIMATED'],False,True,"[{""class"":""DATA_DOES_NOT_EXIST"",""stage"":""PRIVATE_LEDGER_NEWS"",""count"":0}]"
iss_cik_0000750686,CAC,10,2026-10-01T17:00:00Z,10,10,6,6,3,6,True,False,AVAILABLE,6,False,False,True,['CONFIRMED'],True,True,"[{""class"":""DATA_EXISTS_BUT_IS_NOT_EXPORTED"",""stage"":""APPROVED_CONSUMER_PROJECTION"",""count"":4,""reason"":""DETERMINISTIC_180_DAY_RETENTION"",""verifiedOlderThanRetention"":4}]"
iss_cik_0000788965,HNRG,10,2026-09-17T12:00:00Z,10,10,7,7,3,7,True,True,AVAILABLE,8,False,False,True,['ESTIMATED'],False,True,"[{""class"":""DATA_EXISTS_BUT_IS_NOT_EXPORTED"",""stage"":""APPROVED_CONSUMER_PROJECTION"",""count"":3,""reason"":""DETERMINISTIC_180_DAY_RETENTION"",""verifiedOlderThanRetention"":3}]"
iss_cik_0000789019,MSFT,0,,0,0,0,0,0,0,True,True,AVAILABLE,9,False,False,True,['ESTIMATED'],False,True,"[{""class"":""DATA_DOES_NOT_EXIST"",""stage"":""PRIVATE_LEDGER_NEWS"",""count"":0}]"
iss_cik_0000804328,QCOM,1,2026-10-05T11:29:00Z,1,0,0,0,0,0,False,True,AVAILABLE,9,False,False,False,[],False,True,"[{""class"":""DATA_EXISTS_BUT_IS_FILTERED"",""stage"":""SOURCE_USAGE"",""count"":1,""reasons"":{""UNAPPROVED_PUBLISHER"":1},""reason"":""SOURCE_POLICY_EXCLUSION; not a transport defect""}]"
iss_cik_0000886982,GS,0,,0,0,0,0,0,0,False,False,AVAILABLE,5,False,False,True,['ESTIMATED'],False,True,"[{""class"":""DATA_DOES_NOT_EXIST"",""stage"":""PRIVATE_LEDGER_NEWS"",""count"":0}]"
iss_cik_0000895421,MS,0,,0,0,0,0,0,0,False,False,AVAILABLE,4,False,False,True,['ESTIMATED'],False,True,"[{""class"":""DATA_DOES_NOT_EXIST"",""stage"":""PRIVATE_LEDGER_NEWS"",""count"":0}]"
iss_cik_0000911971,TK,6,2026-08-01T19:56:36Z,6,6,6,6,3,6,True,False,AVAILABLE,2,True,True,False,[],False,True,[]
iss_cik_0001018724,AMZN,0,,0,0,0,0,0,0,False,True,AVAILABLE,9,False,False,True,['ESTIMATED'],False,True,"[{""class"":""DATA_DOES_NOT_EXIST"",""stage"":""PRIVATE_LEDGER_NEWS"",""count"":0}]"
iss_cik_0001045810,NVDA,14,2026-10-06T13:00:00Z,14,10,10,10,3,10,True,True,AVAILABLE,8,False,False,True,['ESTIMATED'],True,True,"[{""class"":""DATA_EXISTS_BUT_IS_FILTERED"",""stage"":""SOURCE_USAGE"",""count"":4,""reasons"":{""UNAPPROVED_PUBLISHER"":4},""reason"":""SOURCE_POLICY_EXCLUSION; not a transport defect""}]"
iss_cik_0001099219,MET,0,,0,0,0,0,0,0,False,False,AVAILABLE,6,False,False,True,['ESTIMATED'],False,True,"[{""class"":""DATA_DOES_NOT_EXIST"",""stage"":""PRIVATE_LEDGER_NEWS"",""count"":0}]"
iss_cik_0001108524,CRM,0,,0,0,0,0,0,0,False,False,AVAILABLE,9,False,False,True,['ESTIMATED'],False,True,"[{""class"":""DATA_DOES_NOT_EXIST"",""stage"":""PRIVATE_LEDGER_NEWS"",""count"":0}]"
iss_cik_0001129928,ONCY,19,2026-09-29T13:30:00Z,19,19,11,11,3,11,True,True,AVAILABLE,3,False,False,False,[],False,True,"[{""class"":""DATA_EXISTS_BUT_IS_NOT_EXPORTED"",""stage"":""APPROVED_CONSUMER_PROJECTION"",""count"":8,""reason"":""DETERMINISTIC_180_DAY_RETENTION"",""verifiedOlderThanRetention"":8}]"
iss_cik_0001318605,TSLA,1,2026-10-01T14:13:00Z,1,0,0,0,0,0,False,True,AVAILABLE,9,False,False,True,['ESTIMATED'],False,True,"[{""class"":""DATA_EXISTS_BUT_IS_FILTERED"",""stage"":""SOURCE_USAGE"",""count"":1,""reasons"":{""UNAPPROVED_PUBLISHER"":1},""reason"":""SOURCE_POLICY_EXCLUSION; not a transport defect""}]"
iss_cik_0001321655,PLTR,0,,0,0,0,0,0,0,False,True,AVAILABLE,8,False,False,True,['ESTIMATED'],False,True,"[{""class"":""DATA_DOES_NOT_EXIST"",""stage"":""PRIVATE_LEDGER_NEWS"",""count"":0}]"
iss_cik_0001326801,META,0,,0,0,0,0,0,0,False,True,AVAILABLE,7,False,False,True,['ESTIMATED'],True,True,"[{""class"":""DATA_DOES_NOT_EXIST"",""stage"":""PRIVATE_LEDGER_NEWS"",""count"":0}]"
iss_cik_0001341439,ORCL,0,,0,0,0,0,0,0,False,True,AVAILABLE,7,False,False,True,['ESTIMATED'],False,True,"[{""class"":""DATA_DOES_NOT_EXIST"",""stage"":""PRIVATE_LEDGER_NEWS"",""count"":0}]"
iss_cik_0001384101,VCYT,5,2026-09-30T00:37:23Z,5,1,1,1,1,1,True,False,AVAILABLE,8,False,False,True,['ESTIMATED'],True,True,"[{""class"":""DATA_EXISTS_BUT_IS_FILTERED"",""stage"":""SOURCE_USAGE"",""count"":4,""reasons"":{""UNAPPROVED_PUBLISHER"":4},""reason"":""SOURCE_POLICY_EXCLUSION; not a transport defect""}]"
iss_cik_0001468091,VEON,8,2026-09-29T13:15:00Z,8,0,0,0,0,0,False,True,AVAILABLE,3,True,True,False,[],False,True,"[{""class"":""DATA_EXISTS_BUT_IS_FILTERED"",""stage"":""SOURCE_USAGE"",""count"":8,""reasons"":{""UNAPPROVED_PUBLISHER"":8},""reason"":""SOURCE_POLICY_EXCLUSION; not a transport defect""}]"
iss_cik_0001512673,XYZ,10,2026-10-05T13:00:00Z,10,10,10,10,3,10,True,True,AVAILABLE,7,False,False,True,['ESTIMATED'],True,True,[]
iss_cik_0001515673,RARE,10,2026-09-17T19:48:43Z,10,0,0,0,0,0,False,True,AVAILABLE,7,False,False,True,['ESTIMATED'],False,True,"[{""class"":""DATA_EXISTS_BUT_IS_FILTERED"",""stage"":""SOURCE_USAGE"",""count"":10,""reasons"":{""NO_VERIFIED_OWNED_HOST"":10},""reason"":""SOURCE_POLICY_EXCLUSION; not a transport defect""}]"
iss_cik_0001518715,MCHB,10,2026-09-16T22:18:00Z,10,10,9,9,3,9,True,False,AVAILABLE,6,False,False,True,['ESTIMATED'],True,True,"[{""class"":""DATA_EXISTS_BUT_IS_NOT_EXPORTED"",""stage"":""APPROVED_CONSUMER_PROJECTION"",""count"":1,""reason"":""DETERMINISTIC_180_DAY_RETENTION"",""verifiedOlderThanRetention"":1}]"
iss_cik_0001533924,AMPY,10,2026-08-10T20:15:00Z,10,10,3,3,2,3,True,True,AVAILABLE,8,False,False,True,['ESTIMATED'],False,True,"[{""class"":""DATA_EXISTS_BUT_IS_NOT_EXPORTED"",""stage"":""APPROVED_CONSUMER_PROJECTION"",""count"":7,""reason"":""DETERMINISTIC_180_DAY_RETENTION"",""verifiedOlderThanRetention"":7}]"
iss_cik_0001650164,TOST,10,2026-09-29T12:00:00Z,10,10,10,10,3,10,True,True,AVAILABLE,7,False,False,True,['ESTIMATED'],True,True,[]
iss_cik_0001652044,GOOG|GOOGL,12,2026-10-02T13:00:00Z,12,10,7,7,2,7,True,False,AVAILABLE,9,False,False,True,['ESTIMATED'],True,True,"[{""class"":""DATA_EXISTS_BUT_IS_FILTERED"",""stage"":""SOURCE_USAGE"",""count"":2,""reasons"":{""UNAPPROVED_PUBLISHER"":2},""reason"":""SOURCE_POLICY_EXCLUSION; not a transport defect""},{""class"":""DATA_EXISTS_BUT_IS_NOT_EXPORTED"",""stage"":""APPROVED_CONSUMER_PROJECTION"",""count"":3,""reason"":""DETERMINISTIC_180_DAY_RETENTION"",""verifiedOlderThanRetention"":3}]"
iss_cik_0001702780,OPTU,10,2026-10-01T14:00:00Z,10,10,10,10,3,10,True,True,AVAILABLE,9,False,False,True,['ESTIMATED'],True,True,[]
iss_cik_0001782223,PYXS,9,2026-10-02T11:00:32Z,9,9,9,9,3,9,True,True,AVAILABLE,3,False,False,True,['ESTIMATED'],False,True,[]
iss_cik_0001788882,ROOT,10,2026-09-03T20:30:29Z,10,10,10,10,3,10,True,True,AVAILABLE,5,False,False,True,['ESTIMATED'],True,True,[]
iss_cik_0001810806,U,0,,0,0,0,0,0,0,False,True,AVAILABLE,8,False,False,True,['ESTIMATED'],False,True,"[{""class"":""DATA_DOES_NOT_EXIST"",""stage"":""PRIVATE_LEDGER_NEWS"",""count"":0}]"
iss_cik_0001810997,XPEV,0,,0,0,0,0,0,0,False,True,AVAILABLE,2,True,True,False,[],False,True,"[{""class"":""DATA_DOES_NOT_EXIST"",""stage"":""PRIVATE_LEDGER_NEWS"",""count"":0}]"
iss_cik_0001818874,SOFI,10,2026-09-29T12:00:00Z,10,10,10,10,3,10,True,True,AVAILABLE,8,False,False,True,['ESTIMATED'],False,True,[]
iss_cik_0001820953,AFRM,11,2026-10-05T20:07:00Z,11,11,11,11,3,11,True,True,AVAILABLE,6,False,False,True,['CONFIRMED'],True,True,[]
iss_cik_0001839839,JBI,10,2026-09-02T10:50:00Z,10,10,5,5,3,5,True,False,AVAILABLE,9,False,False,True,['ESTIMATED'],True,True,"[{""class"":""DATA_EXISTS_BUT_IS_NOT_EXPORTED"",""stage"":""APPROVED_CONSUMER_PROJECTION"",""count"":5,""reason"":""DETERMINISTIC_180_DAY_RETENTION"",""verifiedOlderThanRetention"":5}]"
iss_cik_0001861841,ARBE,10,2026-09-28T20:15:00Z,10,10,10,10,3,10,True,False,AVAILABLE,2,True,True,False,[],True,True,[]
