endpoint,apiVersion,mainStatus,referencePR461Status,caller,consumer,parameters,paginationAndNormalization,cache,errorMapping,evidence
/v2/exchanges,v2,NOT_USED,NOT_USED,,,,"No reference adapter consumer; older probes are independent, not product wiring",not used,not used,CODE_INSPECTION_NOT_CURRENT_ACCOUNT_RESPONSE
/v2/exchanges/{mic},v2,NOT_USED,NOT_USED,,,,"No reference adapter consumer; older probes are independent, not product wiring",not used,not used,CODE_INSPECTION_NOT_CURRENT_ACCOUNT_RESPONSE
/v2/exchanges/{mic}/eod,v2,NOT_USED,NOT_USED,,,,"No reference adapter consumer; older probes are independent, not product wiring",not used,not used,CODE_INSPECTION_NOT_CURRENT_ACCOUNT_RESPONSE
/v2/exchanges/{mic}/eod/latest,v2,NOT_USED,NOT_USED,,,,"No reference adapter consumer; older probes are independent, not product wiring",not used,not used,CODE_INSPECTION_NOT_CURRENT_ACCOUNT_RESPONSE
/v2/exchanges/{mic}/eod/{date},v2,NOT_USED,NOT_USED,,,,"No reference adapter consumer; older probes are independent, not product wiring",not used,not used,CODE_INSPECTION_NOT_CURRENT_ACCOUNT_RESPONSE
/v2/exchanges/{mic}/intraday,v2,NOT_USED,NOT_USED,,,,"No reference adapter consumer; older probes are independent, not product wiring",not used,not used,CODE_INSPECTION_NOT_CURRENT_ACCOUNT_RESPONSE
/v2/exchanges/{mic}/intraday/latest,v2,NOT_USED,NOT_USED,,,,"No reference adapter consumer; older probes are independent, not product wiring",not used,not used,CODE_INSPECTION_NOT_CURRENT_ACCOUNT_RESPONSE
/v2/exchanges/{mic}/intraday/{date},v2,NOT_USED,NOT_USED,,,,"No reference adapter consumer; older probes are independent, not product wiring",not used,not used,CODE_INSPECTION_NOT_CURRENT_ACCOUNT_RESPONSE
/v2/exchanges/{mic}/tickers,v2,NOT_USED,NOT_USED,,,,"No reference adapter consumer; older probes are independent, not product wiring",not used,not used,CODE_INSPECTION_NOT_CURRENT_ACCOUNT_RESPONSE
/v2/tickers/{symbol},v2,NOT_USED,USED_PARTIALLY,providers/marketstack/adapter.js,getMetadata; probeIdentity,symbol path,exact candidates only; descriptors omitted,default 300000ms process cache; parameter key; no stale fallback,client.js documented provider errors; 404_not_found missing in reference,CODE_INSPECTION_NOT_CURRENT_ACCOUNT_RESPONSE
/v2/tickers/{symbol}/eod,v2,NOT_USED,NOT_USED,,,,"No reference adapter consumer; older probes are independent, not product wiring",not used,not used,CODE_INSPECTION_NOT_CURRENT_ACCOUNT_RESPONSE
/v2/tickers/{symbol}/eod/latest,v2,NOT_USED,NOT_USED,,,,"No reference adapter consumer; older probes are independent, not product wiring",not used,not used,CODE_INSPECTION_NOT_CURRENT_ACCOUNT_RESPONSE
/v2/tickers/{symbol}/eod/{date},v2,NOT_USED,NOT_USED,,,,"No reference adapter consumer; older probes are independent, not product wiring",not used,not used,CODE_INSPECTION_NOT_CURRENT_ACCOUNT_RESPONSE
/v2/tickers/{symbol}/intraday,v2,NOT_USED,NOT_USED,,,,"No reference adapter consumer; older probes are independent, not product wiring",not used,not used,CODE_INSPECTION_NOT_CURRENT_ACCOUNT_RESPONSE
/v2/tickers/{symbol}/intraday/latest,v2,NOT_USED,NOT_USED,,,,"No reference adapter consumer; older probes are independent, not product wiring",not used,not used,CODE_INSPECTION_NOT_CURRENT_ACCOUNT_RESPONSE
/v2/tickers/{symbol}/intraday/{date},v2,NOT_USED,NOT_USED,,,,"No reference adapter consumer; older probes are independent, not product wiring",not used,not used,CODE_INSPECTION_NOT_CURRENT_ACCOUNT_RESPONSE
/v2/tickers/{symbol}/splits,v2,NOT_USED,NOT_USED,,,,"No reference adapter consumer; older probes are independent, not product wiring",not used,not used,CODE_INSPECTION_NOT_CURRENT_ACCOUNT_RESPONSE
/v2/tickers/{symbol}/dividends,v2,NOT_USED,NOT_USED,,,,"No reference adapter consumer; older probes are independent, not product wiring",not used,not used,CODE_INSPECTION_NOT_CURRENT_ACCOUNT_RESPONSE
/v2/eod,v2,NOT_USED,USED_PARTIALLY,providers/marketstack/adapter.js,getDailyBars/getHistoricalBars,"symbols,exchange,sort=ASC,limit=1000,date_from/date_to",paginated; anomalies retained; identity gates,default 300000ms process cache; parameter key; no stale fallback,client.js documented provider errors; 404_not_found missing in reference,CODE_INSPECTION_NOT_CURRENT_ACCOUNT_RESPONSE
/v2/eod/latest,v2,NOT_USED,USED_CORRECTLY,providers/marketstack/adapter.js,getQuote(EOD),"symbols,exchange,limit=1000",single listing; in-memory cache may serve within five minutes,default 300000ms process cache; parameter key; no stale fallback,client.js documented provider errors; 404_not_found missing in reference,CODE_INSPECTION_NOT_CURRENT_ACCOUNT_RESPONSE
/v2/eod/{date},v2,NOT_USED,NOT_USED,,,,"No reference adapter consumer; older probes are independent, not product wiring",not used,not used,CODE_INSPECTION_NOT_CURRENT_ACCOUNT_RESPONSE
/v2/intraday,v2,NOT_USED,USED_PARTIALLY,providers/marketstack/adapter.js,getIntradayBars,"symbols,exchange,interval,after_hours,date bounds",venue/timezone/bar-semantics gates,default 300000ms process cache; parameter key; no stale fallback,client.js documented provider errors; 404_not_found missing in reference,CODE_INSPECTION_NOT_CURRENT_ACCOUNT_RESPONSE
/v2/intraday/latest,v2,NOT_USED,USED_PARTIALLY,providers/marketstack/adapter.js,getQuote(INTRADAY),"symbols,exchange,limit=1000",quote interval/after_hours ignored in reference,default 300000ms process cache; parameter key; no stale fallback,client.js documented provider errors; 404_not_found missing in reference,CODE_INSPECTION_NOT_CURRENT_ACCOUNT_RESPONSE
/v2/intraday/{date},v2,NOT_USED,NOT_USED,,,,"No reference adapter consumer; older probes are independent, not product wiring",not used,not used,CODE_INSPECTION_NOT_CURRENT_ACCOUNT_RESPONSE
/v2/timezones,v2,NOT_USED,NOT_USED,,,,"No reference adapter consumer; older probes are independent, not product wiring",not used,not used,CODE_INSPECTION_NOT_CURRENT_ACCOUNT_RESPONSE
/v2/currencies,v2,NOT_USED,NOT_USED,,,,"No reference adapter consumer; older probes are independent, not product wiring",not used,not used,CODE_INSPECTION_NOT_CURRENT_ACCOUNT_RESPONSE
/v2/splits,v2,NOT_USED,USED_PARTIALLY,providers/marketstack/adapter.js,getActionEvents(splits),"symbols,date_from/date_to,sort=ASC,limit=1000",maxPages default2; unreported venue stays uncertified,default 300000ms process cache; parameter key; no stale fallback,client.js documented provider errors; 404_not_found missing in reference,CODE_INSPECTION_NOT_CURRENT_ACCOUNT_RESPONSE
/v2/dividends,v2,NOT_USED,USED_PARTIALLY,providers/marketstack/adapter.js,getActionEvents(dividends),"symbols,date_from/date_to,sort=ASC,limit=1000",maxPages default2; unreported venue stays uncertified,default 300000ms process cache; parameter key; no stale fallback,client.js documented provider errors; 404_not_found missing in reference,CODE_INSPECTION_NOT_CURRENT_ACCOUNT_RESPONSE
/v2/tickerslist,v2,NOT_USED,NOT_USED,,,,"No reference adapter consumer; older probes are independent, not product wiring",not used,not used,CODE_INSPECTION_NOT_CURRENT_ACCOUNT_RESPONSE
/v2/tickerinfo,v2,NOT_USED,NOT_USED,,,,"No reference adapter consumer; older probes are independent, not product wiring",not used,not used,CODE_INSPECTION_NOT_CURRENT_ACCOUNT_RESPONSE
/v2/companyratings,v2,NOT_USED,NOT_USED,,,,"No reference adapter consumer; older probes are independent, not product wiring",not used,not used,CODE_INSPECTION_NOT_CURRENT_ACCOUNT_RESPONSE
/v2/indexlist,v2,NOT_USED,NOT_USED,,,,"No reference adapter consumer; older probes are independent, not product wiring",not used,not used,CODE_INSPECTION_NOT_CURRENT_ACCOUNT_RESPONSE
/v2/indexinfo,v2,NOT_USED,NOT_USED,,,,"No reference adapter consumer; older probes are independent, not product wiring",not used,not used,CODE_INSPECTION_NOT_CURRENT_ACCOUNT_RESPONSE
/v2/bondlist,v2,NOT_USED,NOT_USED,,,,"No reference adapter consumer; older probes are independent, not product wiring",not used,not used,CODE_INSPECTION_NOT_CURRENT_ACCOUNT_RESPONSE
/v2/bond,v2,NOT_USED,NOT_USED,,,,"No reference adapter consumer; older probes are independent, not product wiring",not used,not used,CODE_INSPECTION_NOT_CURRENT_ACCOUNT_RESPONSE
/v2/etflist,v2,NOT_USED,NOT_USED,,,,"No reference adapter consumer; older probes are independent, not product wiring",not used,not used,CODE_INSPECTION_NOT_CURRENT_ACCOUNT_RESPONSE
/v2/etfholdings,v2,NOT_USED,NOT_USED,,,,"No reference adapter consumer; older probes are independent, not product wiring",not used,not used,CODE_INSPECTION_NOT_CURRENT_ACCOUNT_RESPONSE
/v2/stockprice,v2,NOT_USED,USED_PARTIALLY,providers/marketstack/adapter.js,getQuote(SNAPSHOT),"ticker,exchange",last-known snapshot; raw-only fields omitted; delay UNKNOWN,default 300000ms process cache; parameter key; no stale fallback,client.js documented provider errors; 404_not_found missing in reference,CODE_INSPECTION_NOT_CURRENT_ACCOUNT_RESPONSE
/v2/commodities,v2,NOT_USED,NOT_USED,,,,"No reference adapter consumer; older probes are independent, not product wiring",not used,not used,CODE_INSPECTION_NOT_CURRENT_ACCOUNT_RESPONSE
/v2/commoditieshistory,v2,NOT_USED,NOT_USED,,,,"No reference adapter consumer; older probes are independent, not product wiring",not used,not used,CODE_INSPECTION_NOT_CURRENT_ACCOUNT_RESPONSE
/v2/company_name,v2,NOT_USED,NOT_USED,,,,"No reference adapter consumer; older probes are independent, not product wiring",not used,not used,CODE_INSPECTION_NOT_CURRENT_ACCOUNT_RESPONSE
/v2/cik_code,v2,NOT_USED,NOT_USED,,,,"No reference adapter consumer; older probes are independent, not product wiring",not used,not used,CODE_INSPECTION_NOT_CURRENT_ACCOUNT_RESPONSE
/v2/company_facts,v2,NOT_USED,NOT_USED,,,,"No reference adapter consumer; older probes are independent, not product wiring",not used,not used,CODE_INSPECTION_NOT_CURRENT_ACCOUNT_RESPONSE
/v2/concept/accounts_payable,v2,NOT_USED,NOT_USED,,,,"No reference adapter consumer; older probes are independent, not product wiring",not used,not used,CODE_INSPECTION_NOT_CURRENT_ACCOUNT_RESPONSE
/v2/submissions,v2,NOT_USED,NOT_USED,,,,"No reference adapter consumer; older probes are independent, not product wiring",not used,not used,CODE_INSPECTION_NOT_CURRENT_ACCOUNT_RESPONSE
/v2/frames/accounts_payable/{unit},v2,NOT_USED,NOT_USED,,,,"No reference adapter consumer; older probes are independent, not product wiring",not used,not used,CODE_INSPECTION_NOT_CURRENT_ACCOUNT_RESPONSE
