ticker,field,normalizedField,samplePositions,rawPresent,normalizedPresent,rawDropped,reason
VOO,investment_security.asset_category,assetCategory,516,516,0,0,TYPED_VALUES_PRESERVED_OR_NUMERIC_TRANSFORM
VOO,investment_security.balance,balance,516,516,0,0,TYPED_VALUES_PRESERVED_OR_NUMERIC_TRANSFORM
VOO,investment_security.cash_collateral,,516,516,0,0,FULL_RAW_POSITION_RETAINED_WITHOUT_TYPED_PROJECTION
VOO,investment_security.currency,currency,516,516,0,0,TYPED_VALUES_PRESERVED_OR_NUMERIC_TRANSFORM
VOO,investment_security.cusip,cusip,516,516,516,0,TYPED_VALUES_PRESERVED_OR_NUMERIC_TRANSFORM
VOO,investment_security.fair_value_level,,516,516,0,0,FULL_RAW_POSITION_RETAINED_WITHOUT_TYPED_PROJECTION
VOO,investment_security.invested_country,country,516,516,516,0,TYPED_VALUES_PRESERVED_OR_NUMERIC_TRANSFORM
VOO,investment_security.isin,isin,516,503,503,0,TYPED_VALUES_PRESERVED_OR_NUMERIC_TRANSFORM
VOO,investment_security.issuer_category,issuerCategory,516,516,0,0,TYPED_VALUES_PRESERVED_OR_NUMERIC_TRANSFORM
VOO,investment_security.lei,lei,516,516,516,0,TYPED_VALUES_PRESERVED_OR_NUMERIC_TRANSFORM
VOO,investment_security.loan_by_fund,,516,516,0,0,FULL_RAW_POSITION_RETAINED_WITHOUT_TYPED_PROJECTION
VOO,investment_security.name,name,516,516,516,0,TYPED_VALUES_PRESERVED_OR_NUMERIC_TRANSFORM
VOO,investment_security.non_cash_collateral,,516,516,0,0,FULL_RAW_POSITION_RETAINED_WITHOUT_TYPED_PROJECTION
VOO,investment_security.payoff_profile,payoffProfile,516,516,0,0,TYPED_VALUES_PRESERVED_OR_NUMERIC_TRANSFORM
VOO,investment_security.percent_value,weightRaw,516,516,516,0,TYPED_VALUES_PRESERVED_OR_NUMERIC_TRANSFORM
VOO,investment_security.restricted_sec,,516,516,0,0,FULL_RAW_POSITION_RETAINED_WITHOUT_TYPED_PROJECTION
VOO,investment_security.sector,sector,516,0,0,0,TYPED_VALUES_PRESERVED_OR_NUMERIC_TRANSFORM
VOO,investment_security.symbol,ticker,516,0,0,0,TYPED_VALUES_PRESERVED_OR_NUMERIC_TRANSFORM
VOO,investment_security.ticker,ticker,516,0,0,0,TYPED_VALUES_PRESERVED_OR_NUMERIC_TRANSFORM
VOO,investment_security.title,title,516,516,0,0,TYPED_VALUES_PRESERVED_OR_NUMERIC_TRANSFORM
VOO,investment_security.units,units,516,516,0,0,TYPED_VALUES_PRESERVED_OR_NUMERIC_TRANSFORM
VOO,investment_security.value_usd,valueUSD,516,516,516,0,TYPED_VALUES_PRESERVED_OR_NUMERIC_TRANSFORM
VOO,basics.fund_name,basics[0].fund_name,1,1,1,0,EXACT_PROVIDER_REPORT_OBJECT_RETAINED
VOO,basics.file_number,basics[0].file_number,1,1,1,0,EXACT_PROVIDER_REPORT_OBJECT_RETAINED
VOO,basics.cik,basics[0].cik,1,1,1,0,EXACT_PROVIDER_REPORT_OBJECT_RETAINED
VOO,basics.reg_lei,basics[0].reg_lei,1,1,1,0,EXACT_PROVIDER_REPORT_OBJECT_RETAINED
VOO,attributes.series_name,attributes[0].series_name,1,1,1,0,EXACT_PROVIDER_REPORT_OBJECT_RETAINED
VOO,attributes.series_id,attributes[0].series_id,1,1,1,0,EXACT_PROVIDER_REPORT_OBJECT_RETAINED
VOO,attributes.series_lei,attributes[0].series_lei,1,1,1,0,EXACT_PROVIDER_REPORT_OBJECT_RETAINED
VOO,attributes.ticker,attributes[0].ticker,1,1,1,0,EXACT_PROVIDER_REPORT_OBJECT_RETAINED
VOO,attributes.isin,attributes[0].isin,1,1,1,0,EXACT_PROVIDER_REPORT_OBJECT_RETAINED
VOO,attributes.date_report_period,attributes[0].date_report_period,1,1,1,0,EXACT_PROVIDER_REPORT_OBJECT_RETAINED
VOO,attributes.end_report_period,attributes[0].end_report_period,1,1,1,0,EXACT_PROVIDER_REPORT_OBJECT_RETAINED
VOO,attributes.final_filing,attributes[0].final_filing,1,1,1,0,EXACT_PROVIDER_REPORT_OBJECT_RETAINED
VOO,signature.date_signed,signatures[0].date_signed,1,1,1,0,EXACT_PROVIDER_REPORT_OBJECT_RETAINED
VOO,signature.name_of_applicant,signatures[0].name_of_applicant,1,1,1,0,EXACT_PROVIDER_REPORT_OBJECT_RETAINED
VOO,signature.signature,signatures[0].signature,1,1,1,0,EXACT_PROVIDER_REPORT_OBJECT_RETAINED
VOO,signature.signer_name,signatures[0].signer_name,1,1,1,0,EXACT_PROVIDER_REPORT_OBJECT_RETAINED
VOO,signature.title,signatures[0].title,1,1,1,0,EXACT_PROVIDER_REPORT_OBJECT_RETAINED
VTI,investment_security.asset_category,assetCategory,3626,3626,0,0,TYPED_VALUES_PRESERVED_OR_NUMERIC_TRANSFORM
VTI,investment_security.balance,balance,3626,3626,0,0,TYPED_VALUES_PRESERVED_OR_NUMERIC_TRANSFORM
VTI,investment_security.cash_collateral,,3626,3626,0,0,FULL_RAW_POSITION_RETAINED_WITHOUT_TYPED_PROJECTION
VTI,investment_security.currency,currency,3626,3626,0,0,TYPED_VALUES_PRESERVED_OR_NUMERIC_TRANSFORM
VTI,investment_security.cusip,cusip,3626,3626,3626,0,TYPED_VALUES_PRESERVED_OR_NUMERIC_TRANSFORM
VTI,investment_security.fair_value_level,,3626,3626,0,0,FULL_RAW_POSITION_RETAINED_WITHOUT_TYPED_PROJECTION
VTI,investment_security.invested_country,country,3626,3626,3626,0,TYPED_VALUES_PRESERVED_OR_NUMERIC_TRANSFORM
VTI,investment_security.isin,isin,3626,3569,3569,0,TYPED_VALUES_PRESERVED_OR_NUMERIC_TRANSFORM
VTI,investment_security.issuer_category,issuerCategory,3626,3626,0,0,TYPED_VALUES_PRESERVED_OR_NUMERIC_TRANSFORM
VTI,investment_security.lei,lei,3626,3626,3626,0,TYPED_VALUES_PRESERVED_OR_NUMERIC_TRANSFORM
VTI,investment_security.loan_by_fund,,3626,3626,0,0,FULL_RAW_POSITION_RETAINED_WITHOUT_TYPED_PROJECTION
VTI,investment_security.name,name,3626,3626,3626,0,TYPED_VALUES_PRESERVED_OR_NUMERIC_TRANSFORM
VTI,investment_security.non_cash_collateral,,3626,3626,0,0,FULL_RAW_POSITION_RETAINED_WITHOUT_TYPED_PROJECTION
VTI,investment_security.payoff_profile,payoffProfile,3626,3626,0,0,TYPED_VALUES_PRESERVED_OR_NUMERIC_TRANSFORM
VTI,investment_security.percent_value,weightRaw,3626,3626,3626,0,TYPED_VALUES_PRESERVED_OR_NUMERIC_TRANSFORM
VTI,investment_security.restricted_sec,,3626,3626,0,0,FULL_RAW_POSITION_RETAINED_WITHOUT_TYPED_PROJECTION
VTI,investment_security.sector,sector,3626,0,0,0,TYPED_VALUES_PRESERVED_OR_NUMERIC_TRANSFORM
VTI,investment_security.symbol,ticker,3626,0,0,0,TYPED_VALUES_PRESERVED_OR_NUMERIC_TRANSFORM
VTI,investment_security.ticker,ticker,3626,0,0,0,TYPED_VALUES_PRESERVED_OR_NUMERIC_TRANSFORM
VTI,investment_security.title,title,3626,3626,0,0,TYPED_VALUES_PRESERVED_OR_NUMERIC_TRANSFORM
VTI,investment_security.units,units,3626,3626,0,0,TYPED_VALUES_PRESERVED_OR_NUMERIC_TRANSFORM
VTI,investment_security.value_usd,valueUSD,3626,3626,3626,0,TYPED_VALUES_PRESERVED_OR_NUMERIC_TRANSFORM
VTI,basics.fund_name,basics[0].fund_name,1,1,1,0,EXACT_PROVIDER_REPORT_OBJECT_RETAINED
VTI,basics.file_number,basics[0].file_number,1,1,1,0,EXACT_PROVIDER_REPORT_OBJECT_RETAINED
VTI,basics.cik,basics[0].cik,1,1,1,0,EXACT_PROVIDER_REPORT_OBJECT_RETAINED
VTI,basics.reg_lei,basics[0].reg_lei,1,1,1,0,EXACT_PROVIDER_REPORT_OBJECT_RETAINED
VTI,attributes.series_name,attributes[0].series_name,1,1,1,0,EXACT_PROVIDER_REPORT_OBJECT_RETAINED
VTI,attributes.series_id,attributes[0].series_id,1,1,1,0,EXACT_PROVIDER_REPORT_OBJECT_RETAINED
VTI,attributes.series_lei,attributes[0].series_lei,1,1,1,0,EXACT_PROVIDER_REPORT_OBJECT_RETAINED
VTI,attributes.ticker,attributes[0].ticker,1,1,1,0,EXACT_PROVIDER_REPORT_OBJECT_RETAINED
VTI,attributes.isin,attributes[0].isin,1,1,1,0,EXACT_PROVIDER_REPORT_OBJECT_RETAINED
VTI,attributes.date_report_period,attributes[0].date_report_period,1,1,1,0,EXACT_PROVIDER_REPORT_OBJECT_RETAINED
VTI,attributes.end_report_period,attributes[0].end_report_period,1,1,1,0,EXACT_PROVIDER_REPORT_OBJECT_RETAINED
VTI,attributes.final_filing,attributes[0].final_filing,1,1,1,0,EXACT_PROVIDER_REPORT_OBJECT_RETAINED
VTI,signature.date_signed,signatures[0].date_signed,1,1,1,0,EXACT_PROVIDER_REPORT_OBJECT_RETAINED
VTI,signature.name_of_applicant,signatures[0].name_of_applicant,1,1,1,0,EXACT_PROVIDER_REPORT_OBJECT_RETAINED
VTI,signature.signature,signatures[0].signature,1,1,1,0,EXACT_PROVIDER_REPORT_OBJECT_RETAINED
VTI,signature.signer_name,signatures[0].signer_name,1,1,1,0,EXACT_PROVIDER_REPORT_OBJECT_RETAINED
VTI,signature.title,signatures[0].title,1,1,1,0,EXACT_PROVIDER_REPORT_OBJECT_RETAINED
SCHD,investment_security.asset_category,assetCategory,101,101,0,0,TYPED_VALUES_PRESERVED_OR_NUMERIC_TRANSFORM
SCHD,investment_security.balance,balance,101,101,0,0,TYPED_VALUES_PRESERVED_OR_NUMERIC_TRANSFORM
SCHD,investment_security.cash_collateral,,101,101,0,0,FULL_RAW_POSITION_RETAINED_WITHOUT_TYPED_PROJECTION
SCHD,investment_security.currency,currency,101,101,0,0,TYPED_VALUES_PRESERVED_OR_NUMERIC_TRANSFORM
SCHD,investment_security.cusip,cusip,101,101,101,0,TYPED_VALUES_PRESERVED_OR_NUMERIC_TRANSFORM
SCHD,investment_security.fair_value_level,,101,101,0,0,FULL_RAW_POSITION_RETAINED_WITHOUT_TYPED_PROJECTION
SCHD,investment_security.invested_country,country,101,101,101,0,TYPED_VALUES_PRESERVED_OR_NUMERIC_TRANSFORM
SCHD,investment_security.isin,isin,101,99,99,0,TYPED_VALUES_PRESERVED_OR_NUMERIC_TRANSFORM
SCHD,investment_security.issuer_category,issuerCategory,101,101,0,0,TYPED_VALUES_PRESERVED_OR_NUMERIC_TRANSFORM
SCHD,investment_security.lei,lei,101,101,101,0,TYPED_VALUES_PRESERVED_OR_NUMERIC_TRANSFORM
SCHD,investment_security.loan_by_fund,,101,101,0,0,FULL_RAW_POSITION_RETAINED_WITHOUT_TYPED_PROJECTION
SCHD,investment_security.name,name,101,101,101,0,TYPED_VALUES_PRESERVED_OR_NUMERIC_TRANSFORM
SCHD,investment_security.non_cash_collateral,,101,101,0,0,FULL_RAW_POSITION_RETAINED_WITHOUT_TYPED_PROJECTION
SCHD,investment_security.payoff_profile,payoffProfile,101,101,0,0,TYPED_VALUES_PRESERVED_OR_NUMERIC_TRANSFORM
SCHD,investment_security.percent_value,weightRaw,101,101,101,0,TYPED_VALUES_PRESERVED_OR_NUMERIC_TRANSFORM
SCHD,investment_security.restricted_sec,,101,101,0,0,FULL_RAW_POSITION_RETAINED_WITHOUT_TYPED_PROJECTION
SCHD,investment_security.sector,sector,101,0,0,0,TYPED_VALUES_PRESERVED_OR_NUMERIC_TRANSFORM
SCHD,investment_security.symbol,ticker,101,0,0,0,TYPED_VALUES_PRESERVED_OR_NUMERIC_TRANSFORM
SCHD,investment_security.ticker,ticker,101,0,0,0,TYPED_VALUES_PRESERVED_OR_NUMERIC_TRANSFORM
SCHD,investment_security.title,title,101,101,0,0,TYPED_VALUES_PRESERVED_OR_NUMERIC_TRANSFORM
SCHD,investment_security.units,units,101,101,0,0,TYPED_VALUES_PRESERVED_OR_NUMERIC_TRANSFORM
SCHD,investment_security.value_usd,valueUSD,101,101,101,0,TYPED_VALUES_PRESERVED_OR_NUMERIC_TRANSFORM
SCHD,basics.fund_name,basics[0].fund_name,1,1,1,0,EXACT_PROVIDER_REPORT_OBJECT_RETAINED
SCHD,basics.file_number,basics[0].file_number,1,1,1,0,EXACT_PROVIDER_REPORT_OBJECT_RETAINED
SCHD,basics.cik,basics[0].cik,1,1,1,0,EXACT_PROVIDER_REPORT_OBJECT_RETAINED
SCHD,basics.reg_lei,basics[0].reg_lei,1,1,1,0,EXACT_PROVIDER_REPORT_OBJECT_RETAINED
SCHD,attributes.series_name,attributes[0].series_name,1,1,1,0,EXACT_PROVIDER_REPORT_OBJECT_RETAINED
SCHD,attributes.series_id,attributes[0].series_id,1,1,1,0,EXACT_PROVIDER_REPORT_OBJECT_RETAINED
SCHD,attributes.series_lei,attributes[0].series_lei,1,1,1,0,EXACT_PROVIDER_REPORT_OBJECT_RETAINED
SCHD,attributes.ticker,attributes[0].ticker,1,1,1,0,EXACT_PROVIDER_REPORT_OBJECT_RETAINED
SCHD,attributes.isin,attributes[0].isin,1,1,1,0,EXACT_PROVIDER_REPORT_OBJECT_RETAINED
SCHD,attributes.date_report_period,attributes[0].date_report_period,1,1,1,0,EXACT_PROVIDER_REPORT_OBJECT_RETAINED
SCHD,attributes.end_report_period,attributes[0].end_report_period,1,1,1,0,EXACT_PROVIDER_REPORT_OBJECT_RETAINED
SCHD,attributes.final_filing,attributes[0].final_filing,1,1,1,0,EXACT_PROVIDER_REPORT_OBJECT_RETAINED
SCHD,signature.date_signed,signatures[0].date_signed,1,1,1,0,EXACT_PROVIDER_REPORT_OBJECT_RETAINED
SCHD,signature.name_of_applicant,signatures[0].name_of_applicant,1,1,1,0,EXACT_PROVIDER_REPORT_OBJECT_RETAINED
SCHD,signature.signature,signatures[0].signature,1,1,1,0,EXACT_PROVIDER_REPORT_OBJECT_RETAINED
SCHD,signature.signer_name,signatures[0].signer_name,1,1,1,0,EXACT_PROVIDER_REPORT_OBJECT_RETAINED
SCHD,signature.title,signatures[0].title,1,1,1,0,EXACT_PROVIDER_REPORT_OBJECT_RETAINED
