ticker,downloadedCount,reportedTotal,paginationCount,weightSumPercent,negativeWeightCount,signedDate,status,downloadCompleteness,economicCompleteness,offsetLimitIgnored,withISIN,withTicker,withCountry,withSector
SPY,0,,0,,0,,UNAVAILABLE,NO_HOLDINGS_RESPONSE,NOT_CERTIFIED_NO_TOTAL,False,0,0,0,0
QQQ,0,,0,,0,,UNAVAILABLE,NO_HOLDINGS_RESPONSE,NOT_CERTIFIED_NO_TOTAL,False,0,0,0,0
VOO,516,,1,99.916916230713,9,2025-02-27,STALE,ALL_ROWS_IN_PROVIDER_REPORT_PRESERVED,NOT_CERTIFIED_NO_TOTAL,True,503,0,516,0
VTI,3626,,1,100.168847147443,19,2025-05-28,STALE,ALL_ROWS_IN_PROVIDER_REPORT_PRESERVED,NOT_CERTIFIED_NO_TOTAL,True,3569,0,3626,0
SCHD,101,,1,99.693498783176,2,2025-03-24,STALE,ALL_ROWS_IN_PROVIDER_REPORT_PRESERVED,NOT_CERTIFIED_NO_TOTAL,True,99,0,101,0
SXR8.DE,0,,0,,0,,UNAVAILABLE,NO_HOLDINGS_RESPONSE,NOT_CERTIFIED_NO_TOTAL,False,0,0,0,0
EUNL.DE,0,,0,,0,,UNAVAILABLE,NO_HOLDINGS_RESPONSE,NOT_CERTIFIED_NO_TOTAL,False,0,0,0,0
XDWD.DE,0,,0,,0,,UNAVAILABLE,NO_HOLDINGS_RESPONSE,NOT_CERTIFIED_NO_TOTAL,False,0,0,0,0
XESC.DE,0,,0,,0,,UNAVAILABLE,NO_HOLDINGS_RESPONSE,NOT_CERTIFIED_NO_TOTAL,False,0,0,0,0
VWCE.DE,0,,0,,0,,UNAVAILABLE,NO_HOLDINGS_RESPONSE,NOT_CERTIFIED_NO_TOTAL,False,0,0,0,0
SPY5.DE,0,,0,,0,,UNAVAILABLE,NO_HOLDINGS_RESPONSE,NOT_CERTIFIED_NO_TOTAL,False,0,0,0,0
LCUW.DE,0,,0,,0,,UNAVAILABLE,NO_HOLDINGS_RESPONSE,NOT_CERTIFIED_NO_TOTAL,False,0,0,0,0
