planFeature,endpointsV2,parameters,pagination,scope,referenceUsageAndEvidence,advertisedProfessional,accountEntitlement
"100,000 Requests/month",N/A billing,N/A,N/A,N/A,advertised monthly allowance; current account/counter unverified,YES,UNKNOWN_NOT_AUTHENTICATED
End-of-Day Data,"/eod,/eod/latest,/eod/{date}","symbols,exchange,sort,date_from,date_to,limit,offset",offset/count/total,global documented; ticker-level coverage required,reference uses global EOD/latest,YES,UNKNOWN_NOT_AUTHENTICATED
15+ Years History,/eod and scoped variants,"date_from,date_to,sort,limit,offset",offset/count/total,global documented; per listing unknown,reference uses EOD; 1/5/10/15Y actual boundary probes pending,YES,UNKNOWN_NOT_AUTHENTICATED
Splits & Dividends,"/splits,/dividends; ticker scoped","symbols,date_from,date_to,sort,limit,offset",offset/count/total,NASDAQ/NYSE/NYSE ARCA/PINK/SHG/OTCQB/BATS docs,reference uses endpoints + embedded EOD; EU completeness not established,YES,UNKNOWN_NOT_AUTHENTICATED
Stock Tickers Info,"/tickerslist,/tickers/{symbol},/tickerinfo","search,exchange,limit,offset; symbol path; ticker",directory paginated; metadata object,global documented,reference only exact symbol; search and extended metadata unused,YES,UNKNOWN_NOT_AUTHENTICATED
2700+ Stock Exchanges Info,"/exchanges,/exchanges/{mic},/exchanges/{mic}/tickers","search,limit,offset; MIC path",offset/count/total; data.tickers[] scoped,metadata catalogue; not 2700 price feeds,reference adapter unused,YES,UNKNOWN_NOT_AUTHENTICATED
Currencies & Timezones,"/currencies,/timezones","limit,offset",offset/count/total,reference catalogue,reference unused,YES,UNKNOWN_NOT_AUTHENTICATED
HTTPS Encryption,HTTPS all endpoints,access_key server side,N/A,transport feature,reference correctly fixes HTTPS v2 host,YES,UNKNOWN_NOT_AUTHENTICATED
Commercial Use,N/A licensing,N/A,N/A,subscription terms/account needed,no endpoint can prove commercial rights,YES,UNKNOWN_NOT_AUTHENTICATED
IEX Intraday Data (US),/intraday and scoped/latest/date,"symbols,exchange,interval,after_hours,date bounds,limit,offset",offset/count/total,US IEX documented,reference partially used; quote options dropped,YES,UNKNOWN_NOT_AUTHENTICATED
Stock Market Index,"/indexlist,/indexinfo","limit,offset; index",list paginated; detail object,global benchmarks,reference unused,YES,UNKNOWN_NOT_AUTHENTICATED
Bonds,"/bondlist,/bond","country,limit,offset; country required",list paginated; detail object,country government benchmarks,reference unused,YES,UNKNOWN_NOT_AUTHENTICATED
ETF Holding,"/etflist,/etfholdings","ticker,status,date_from,date_to,limit,offset",list paginated; holdings schema omits total/pagination,SEC filing shaped; UCITS coverage unknown,reference adapter unused; older probe extractor partial; 20-credit multiplier,YES,UNKNOWN_NOT_AUTHENTICATED
Standard Support,N/A support,N/A,N/A,account feature,no data endpoint,YES,UNKNOWN_NOT_AUTHENTICATED
Real-Time Updates,/intraday,interval=1min/5min/10min; symbols,offset/count/total,US IEX; intervals below 15min,distinct from worldwide snapshot; reference quote options dropped,YES,UNKNOWN_NOT_AUTHENTICATED
Real-time Stock Market Prices,/stockprice,"ticker,optional exchange MIC",no pagination documented,worldwide advertised; last known trade schema,reference SNAPSHOT route exists; Europe actual freshness unknown,YES,UNKNOWN_NOT_AUTHENTICATED
Commodity Prices,/commodities,commodity_name,no pagination documented,commodity reference,reference unused; documented 1 call/minute,YES,UNKNOWN_NOT_AUTHENTICATED
Commodities History Prices,/commoditieshistory,"commodity_name,date_from,date_to,frequency",schema per commodity,variable commodity history,reference unused; documented 1 call/minute,YES,UNKNOWN_NOT_AUTHENTICATED
