kind,company,preferredObservedTicker,preferredObservedMIC,websiteFound,websiteHomeListingFound,websiteADRorAlternativeOnly,authenticatedApiFound,vuFound,rawLatestAvailable,rawHistoryAvailable,mappingStatus,rootCause
STOCK,adesso,ADN1.DE,XETR,True,True,False,UNKNOWN,NO_MARKETSTACK_CONNECTOR_ON_MAIN_NOT_TESTED,NOT_TESTED,NOT_TESTED,OBSERVED_CANDIDATE_IDENTITY_UNVERIFIED,UNKNOWN_PENDING_AUTHENTICATED_ACCOUNT
STOCK,HelloFresh,HFG.DE,XETR,True,True,False,UNKNOWN,NO_MARKETSTACK_CONNECTOR_ON_MAIN_NOT_TESTED,NOT_TESTED,NOT_TESTED,OBSERVED_CANDIDATE_IDENTITY_UNVERIFIED,UNKNOWN_PENDING_AUTHENTICATED_ACCOUNT
STOCK,SAP,SAP.DE,XETR,True,True,False,UNKNOWN,NO_MARKETSTACK_CONNECTOR_ON_MAIN_NOT_TESTED,NOT_TESTED,NOT_TESTED,OBSERVED_CANDIDATE_IDENTITY_UNVERIFIED,UNKNOWN_PENDING_AUTHENTICATED_ACCOUNT
STOCK,Siemens,SIE.DE,XETR,True,True,False,UNKNOWN,NO_MARKETSTACK_CONNECTOR_ON_MAIN_NOT_TESTED,NOT_TESTED,NOT_TESTED,OBSERVED_CANDIDATE_IDENTITY_UNVERIFIED,UNKNOWN_PENDING_AUTHENTICATED_ACCOUNT
STOCK,Allianz,ALV.DE,XETR,True,True,False,UNKNOWN,NO_MARKETSTACK_CONNECTOR_ON_MAIN_NOT_TESTED,NOT_TESTED,NOT_TESTED,OBSERVED_CANDIDATE_IDENTITY_UNVERIFIED,UNKNOWN_PENDING_AUTHENTICATED_ACCOUNT
STOCK,Deutsche Telekom,DTE.DE,XETR,True,True,False,UNKNOWN,NO_MARKETSTACK_CONNECTOR_ON_MAIN_NOT_TESTED,NOT_TESTED,NOT_TESTED,OBSERVED_CANDIDATE_IDENTITY_UNVERIFIED,UNKNOWN_PENDING_AUTHENTICATED_ACCOUNT
STOCK,HENSOLDT,HAG.DE,XETR,True,True,False,UNKNOWN,NO_MARKETSTACK_CONNECTOR_ON_MAIN_NOT_TESTED,NOT_TESTED,NOT_TESTED,OBSERVED_CANDIDATE_IDENTITY_UNVERIFIED,UNKNOWN_PENDING_AUTHENTICATED_ACCOUNT
STOCK,RENK,R3NK.DE,XETR,True,True,False,UNKNOWN,NO_MARKETSTACK_CONNECTOR_ON_MAIN_NOT_TESTED,NOT_TESTED,NOT_TESTED,OBSERVED_CANDIDATE_IDENTITY_UNVERIFIED,UNKNOWN_PENDING_AUTHENTICATED_ACCOUNT
STOCK,Schaeffler,,,True,False,True,UNKNOWN,NO_MARKETSTACK_CONNECTOR_ON_MAIN_NOT_TESTED,NOT_TESTED,NOT_TESTED,OBSERVED_CANDIDATE_IDENTITY_UNVERIFIED,UNKNOWN_PENDING_AUTHENTICATED_ACCOUNT
STOCK,Fresenius,FRE.DE,XETR,True,True,False,UNKNOWN,NO_MARKETSTACK_CONNECTOR_ON_MAIN_NOT_TESTED,NOT_TESTED,NOT_TESTED,OBSERVED_CANDIDATE_IDENTITY_UNVERIFIED,UNKNOWN_PENDING_AUTHENTICATED_ACCOUNT
STOCK,HAMBORNER REIT,HABA.DE,XETR,True,True,False,UNKNOWN,NO_MARKETSTACK_CONNECTOR_ON_MAIN_NOT_TESTED,NOT_TESTED,NOT_TESTED,OBSERVED_CANDIDATE_IDENTITY_UNVERIFIED,UNKNOWN_PENDING_AUTHENTICATED_ACCOUNT
STOCK,Alzchem,ACT.DE,XETR,True,True,False,UNKNOWN,NO_MARKETSTACK_CONNECTOR_ON_MAIN_NOT_TESTED,NOT_TESTED,NOT_TESTED,OBSERVED_CANDIDATE_IDENTITY_UNVERIFIED,UNKNOWN_PENDING_AUTHENTICATED_ACCOUNT
STOCK,Stabilus,STM.DE,XETR,True,True,False,UNKNOWN,NO_MARKETSTACK_CONNECTOR_ON_MAIN_NOT_TESTED,NOT_TESTED,NOT_TESTED,OBSERVED_CANDIDATE_IDENTITY_UNVERIFIED,UNKNOWN_PENDING_AUTHENTICATED_ACCOUNT
STOCK,SAF-HOLLAND,SFQ.DE,XETR,True,True,False,UNKNOWN,NO_MARKETSTACK_CONNECTOR_ON_MAIN_NOT_TESTED,NOT_TESTED,NOT_TESTED,OBSERVED_CANDIDATE_IDENTITY_UNVERIFIED,UNKNOWN_PENDING_AUTHENTICATED_ACCOUNT
STOCK,Kontron,SANT.DE,XETR,True,True,False,UNKNOWN,NO_MARKETSTACK_CONNECTOR_ON_MAIN_NOT_TESTED,NOT_TESTED,NOT_TESTED,OBSERVED_CANDIDATE_IDENTITY_UNVERIFIED,UNKNOWN_PENDING_AUTHENTICATED_ACCOUNT
STOCK,Einhell,EIN3.DE,XETR,True,True,False,UNKNOWN,NO_MARKETSTACK_CONNECTOR_ON_MAIN_NOT_TESTED,NOT_TESTED,NOT_TESTED,OBSERVED_CANDIDATE_IDENTITY_UNVERIFIED,UNKNOWN_PENDING_AUTHENTICATED_ACCOUNT
STOCK,Nagarro,NA9.DE,XETR,True,True,False,UNKNOWN,NO_MARKETSTACK_CONNECTOR_ON_MAIN_NOT_TESTED,NOT_TESTED,NOT_TESTED,OBSERVED_CANDIDATE_IDENTITY_UNVERIFIED,UNKNOWN_PENDING_AUTHENTICATED_ACCOUNT
STOCK,ASML,ASML.AS,XAMS,True,True,False,UNKNOWN,NO_MARKETSTACK_CONNECTOR_ON_MAIN_NOT_TESTED,NOT_TESTED,NOT_TESTED,OBSERVED_CANDIDATE_IDENTITY_UNVERIFIED,UNKNOWN_PENDING_AUTHENTICATED_ACCOUNT
STOCK,LVMH,MC.PA,XPAR,True,True,False,UNKNOWN,NO_MARKETSTACK_CONNECTOR_ON_MAIN_NOT_TESTED,NOT_TESTED,NOT_TESTED,OBSERVED_CANDIDATE_IDENTITY_UNVERIFIED,UNKNOWN_PENDING_AUTHENTICATED_ACCOUNT
STOCK,ABB,ABBN.SW,XSWX,True,True,False,UNKNOWN,NO_MARKETSTACK_CONNECTOR_ON_MAIN_NOT_TESTED,NOT_TESTED,NOT_TESTED,OBSERVED_CANDIDATE_IDENTITY_UNVERIFIED,UNKNOWN_PENDING_AUTHENTICATED_ACCOUNT
STOCK,Swisscom,SCMN.SW,XSWX,True,True,False,UNKNOWN,NO_MARKETSTACK_CONNECTOR_ON_MAIN_NOT_TESTED,NOT_TESTED,NOT_TESTED,OBSERVED_CANDIDATE_IDENTITY_UNVERIFIED,UNKNOWN_PENDING_AUTHENTICATED_ACCOUNT
STOCK,Ferrari,RACE.MI,XMIL,True,True,False,UNKNOWN,NO_MARKETSTACK_CONNECTOR_ON_MAIN_NOT_TESTED,NOT_TESTED,NOT_TESTED,OBSERVED_CANDIDATE_IDENTITY_UNVERIFIED,UNKNOWN_PENDING_AUTHENTICATED_ACCOUNT
STOCK,Santander,SAN.MC,XMAD,True,True,False,UNKNOWN,NO_MARKETSTACK_CONNECTOR_ON_MAIN_NOT_TESTED,NOT_TESTED,NOT_TESTED,OBSERVED_CANDIDATE_IDENTITY_UNVERIFIED,UNKNOWN_PENDING_AUTHENTICATED_ACCOUNT
STOCK,BBVA,BBVA.MC,XMAD,True,True,False,UNKNOWN,NO_MARKETSTACK_CONNECTOR_ON_MAIN_NOT_TESTED,NOT_TESTED,NOT_TESTED,OBSERVED_CANDIDATE_IDENTITY_UNVERIFIED,UNKNOWN_PENDING_AUTHENTICATED_ACCOUNT
STOCK,Nordea,NDA-FI.HE,XHEL,True,True,False,UNKNOWN,NO_MARKETSTACK_CONNECTOR_ON_MAIN_NOT_TESTED,NOT_TESTED,NOT_TESTED,OBSERVED_CANDIDATE_IDENTITY_UNVERIFIED,UNKNOWN_PENDING_AUTHENTICATED_ACCOUNT
STOCK,Airbus,AIR.PA,XPAR,True,True,False,UNKNOWN,NO_MARKETSTACK_CONNECTOR_ON_MAIN_NOT_TESTED,NOT_TESTED,NOT_TESTED,OBSERVED_CANDIDATE_IDENTITY_UNVERIFIED,UNKNOWN_PENDING_AUTHENTICATED_ACCOUNT
STOCK,QIAGEN,QIA.DE,XETR,True,True,False,UNKNOWN,NO_MARKETSTACK_CONNECTOR_ON_MAIN_NOT_TESTED,NOT_TESTED,NOT_TESTED,OBSERVED_CANDIDATE_IDENTITY_UNVERIFIED,UNKNOWN_PENDING_AUTHENTICATED_ACCOUNT
ETF_US,SPDR S&P 500 ETF Trust,SPY,ARCX,True,True,False,UNKNOWN,NO_MARKETSTACK_CONNECTOR_ON_MAIN_NOT_TESTED,NOT_TESTED,NOT_TESTED,OBSERVED_CANDIDATE_IDENTITY_UNVERIFIED,UNKNOWN_PENDING_AUTHENTICATED_ACCOUNT
ETF_US,Invesco QQQ Trust Series 1,QQQ,XNAS,True,True,False,UNKNOWN,NO_MARKETSTACK_CONNECTOR_ON_MAIN_NOT_TESTED,NOT_TESTED,NOT_TESTED,OBSERVED_CANDIDATE_IDENTITY_UNVERIFIED,UNKNOWN_PENDING_AUTHENTICATED_ACCOUNT
ETF_US,VANGUARD 500 INDEX FUND ETF SHARES,VOO,ARCX,True,True,False,UNKNOWN,NO_MARKETSTACK_CONNECTOR_ON_MAIN_NOT_TESTED,NOT_TESTED,NOT_TESTED,OBSERVED_CANDIDATE_IDENTITY_UNVERIFIED,UNKNOWN_PENDING_AUTHENTICATED_ACCOUNT
ETF_US,Vanguard Morningstar Total Stock Market ETF,VTI,ARCX,True,True,False,UNKNOWN,NO_MARKETSTACK_CONNECTOR_ON_MAIN_NOT_TESTED,NOT_TESTED,NOT_TESTED,OBSERVED_CANDIDATE_IDENTITY_UNVERIFIED,UNKNOWN_PENDING_AUTHENTICATED_ACCOUNT
ETF_US,SCHWAB U.S. DIVIDEND EQUITY ETF ,SCHD,ARCX,True,True,False,UNKNOWN,NO_MARKETSTACK_CONNECTOR_ON_MAIN_NOT_TESTED,NOT_TESTED,NOT_TESTED,OBSERVED_CANDIDATE_IDENTITY_UNVERIFIED,UNKNOWN_PENDING_AUTHENTICATED_ACCOUNT
ETF_UCITS,iShares Core S&P 500 UCITS ETF USD,SXR8.DE,XETR,True,True,False,UNKNOWN,NO_MARKETSTACK_CONNECTOR_ON_MAIN_NOT_TESTED,NOT_TESTED,NOT_TESTED,OBSERVED_CANDIDATE_IDENTITY_UNVERIFIED,UNKNOWN_PENDING_AUTHENTICATED_ACCOUNT
ETF_UCITS,iShares Core MSCI World UCITS ETF USD,EUNL.DE,XETR,True,True,False,UNKNOWN,NO_MARKETSTACK_CONNECTOR_ON_MAIN_NOT_TESTED,NOT_TESTED,NOT_TESTED,OBSERVED_CANDIDATE_IDENTITY_UNVERIFIED,UNKNOWN_PENDING_AUTHENTICATED_ACCOUNT
ETF_UCITS,Xtrackers MSCI World UCITS ETF 1C,XDWD.DE,XETR,True,True,False,UNKNOWN,NO_MARKETSTACK_CONNECTOR_ON_MAIN_NOT_TESTED,NOT_TESTED,NOT_TESTED,OBSERVED_CANDIDATE_IDENTITY_UNVERIFIED,UNKNOWN_PENDING_AUTHENTICATED_ACCOUNT
ETF_UCITS,Xtrackers Euro Stoxx 50 UCITS ETF 1C,XESC.DE,XETR,True,True,False,UNKNOWN,NO_MARKETSTACK_CONNECTOR_ON_MAIN_NOT_TESTED,NOT_TESTED,NOT_TESTED,OBSERVED_CANDIDATE_IDENTITY_UNVERIFIED,UNKNOWN_PENDING_AUTHENTICATED_ACCOUNT
ETF_UCITS,Vanguard FTSE All-World UCITS ETF USD Accumulation,VWCE.DE,XETR,True,True,False,UNKNOWN,NO_MARKETSTACK_CONNECTOR_ON_MAIN_NOT_TESTED,NOT_TESTED,NOT_TESTED,OBSERVED_CANDIDATE_IDENTITY_UNVERIFIED,UNKNOWN_PENDING_AUTHENTICATED_ACCOUNT
ETF_UCITS,SPDR S&P 500 UCITS ETF,SPY5.DE,XETR,True,True,False,UNKNOWN,NO_MARKETSTACK_CONNECTOR_ON_MAIN_NOT_TESTED,NOT_TESTED,NOT_TESTED,OBSERVED_CANDIDATE_IDENTITY_UNVERIFIED,UNKNOWN_PENDING_AUTHENTICATED_ACCOUNT
ETF_UCITS,Amundi MSCI World V UCITS ETF,LCUW.DE,XETR,True,True,False,UNKNOWN,NO_MARKETSTACK_CONNECTOR_ON_MAIN_NOT_TESTED,NOT_TESTED,NOT_TESTED,OBSERVED_CANDIDATE_IDENTITY_UNVERIFIED,UNKNOWN_PENDING_AUTHENTICATED_ACCOUNT
