packId,auditRowId,caseId,referenceId,confidence,field,core,extractedValue,abAgreement,sourceUrl,evidence,verdict,correctedValue,reviewerNote,reviewerId,reviewDate
409400e8fec5ec30,pr_ewf_20230108_cat#instrument,ewf|CAT|2023-01-08|1,pr_ewf_20230108_cat,HIGH,instrument,Y,"{""asShown"":""CAT"",""vuSymbol"":""CAT"",""instrumentType"":""STOCK"",""mappingQuality"":""EXACT""}",AGREE,https://elliottwave-forecast.com/stock-market/caterpillar-cat-bounce-made-new-time-highs-whats-next/,,,,,,
409400e8fec5ec30,pr_ewf_20230108_cat#timeframe,ewf|CAT|2023-01-08|1,pr_ewf_20230108_cat,HIGH,timeframe,Y,1W,AGREE,https://elliottwave-forecast.com/stock-market/caterpillar-cat-bounce-made-new-time-highs-whats-next/,"[image 2 header] A: CAT, W (Dynamic)",,,,,
409400e8fec5ec30,pr_ewf_20230108_cat#publication.timestamp,ewf|CAT|2023-01-08|1,pr_ewf_20230108_cat,HIGH,publication.timestamp,N,2023-01-08T19:53:46+00:00,,https://elliottwave-forecast.com/stock-market/caterpillar-cat-bounce-made-new-time-highs-whats-next/,,,,,,
409400e8fec5ec30,pr_ewf_20230108_cat#primary.pattern,ewf|CAT|2023-01-08|1,pr_ewf_20230108_cat,HIGH,primary.pattern,N,IMPULSE,,https://elliottwave-forecast.com/stock-market/caterpillar-cat-bounce-made-new-time-highs-whats-next/,,,,,,
409400e8fec5ec30,pr_ewf_20230108_cat#primary.family,ewf|CAT|2023-01-08|1,pr_ewf_20230108_cat,HIGH,primary.family,Y,MOTIVE,AGREE,https://elliottwave-forecast.com/stock-market/caterpillar-cat-bounce-made-new-time-highs-whats-next/,,,,,,
409400e8fec5ec30,pr_ewf_20230108_cat#primary.degree,ewf|CAT|2023-01-08|1,pr_ewf_20230108_cat,HIGH,primary.degree,N,"{""degreeLabel"":""((1))"",""degreeRank"":null}",,https://elliottwave-forecast.com/stock-market/caterpillar-cat-bounce-made-new-time-highs-whats-next/,,,,,,
409400e8fec5ec30,pr_ewf_20230108_cat#primary.currentWave,ewf|CAT|2023-01-08|1,pr_ewf_20230108_cat,HIGH,primary.currentWave,Y,((1)),AGREE,https://elliottwave-forecast.com/stock-market/caterpillar-cat-bounce-made-new-time-highs-whats-next/,"[image 2 / paragraph after charts] A: ((1)) label at projected peak above last bar; text says once ((1)) completes expect pullback | [image 2 / text] A: (II) low 160.59 on 09.26.2022 | [image 2, projected path labels ((1)) then ((2))] B: ((1)) top projected near 258 above last price, then ((2)) dip near 205 | [paragraph after images; image 2 green line 160.59] B: (II) low 160.59 on 09.26.2022, line labelled Invalidation level",,,,,
409400e8fec5ec30,pr_ewf_20230108_cat#primary.state,ewf|CAT|2023-01-08|1,pr_ewf_20230108_cat,HIGH,primary.state,N,DEVELOPING,,https://elliottwave-forecast.com/stock-market/caterpillar-cat-bounce-made-new-time-highs-whats-next/,,,,,,
409400e8fec5ec30,pr_ewf_20230108_cat#directionalBias,ewf|CAT|2023-01-08|1,pr_ewf_20230108_cat,HIGH,directionalBias,Y,UP,AGREE,https://elliottwave-forecast.com/stock-market/caterpillar-cat-bounce-made-new-time-highs-whats-next/,,,,,,
409400e8fec5ec30,pr_ewf_20230108_cat#primary.nextMoveAfterCurrent,ewf|CAT|2023-01-08|1,pr_ewf_20230108_cat,HIGH,primary.nextMoveAfterCurrent,N,DOWN,,https://elliottwave-forecast.com/stock-market/caterpillar-cat-bounce-made-new-time-highs-whats-next/,"[text final paragraph / image 2 path] A: pullback ((2)) in 3 or 7 swings, then continuation higher | [final paragraph] B: pullback expected after ((1)) completes, buyers expected thereafter",,,,,
409400e8fec5ec30,pr_ewf_20230108_cat#targetZones,ewf|CAT|2023-01-08|1,pr_ewf_20230108_cat,HIGH,targetZones,N,"[{""high"":258,""label"":""approx. drawn projection end of ((1)), not stated in text (read from path)"",""low"":258}]",,https://elliottwave-forecast.com/stock-market/caterpillar-cat-bounce-made-new-time-highs-whats-next/,,,,,,
409400e8fec5ec30,pr_ewf_20230108_cat#invalidation,ewf|CAT|2023-01-08|1,pr_ewf_20230108_cat,HIGH,invalidation,Y,"{""basis"":""UNKNOWN"",""direction"":""below"",""price"":160.59}",AGREE,https://elliottwave-forecast.com/stock-market/caterpillar-cat-bounce-made-new-time-highs-whats-next/,[image 2] A: green line 160.59 labelled Invalidation level,,,,,
409400e8fec5ec30,pr_ewf_20230108_cat#alternatives,ewf|CAT|2023-01-08|1,pr_ewf_20230108_cat,HIGH,alternatives,N,[],,https://elliottwave-forecast.com/stock-market/caterpillar-cat-bounce-made-new-time-highs-whats-next/,,,,,,
409400e8fec5ec30,pr_tv-thefifthwave_20240831_btcusd#instrument,tv-thefifthwave|BTCUSD|2024-08-31|1,pr_tv-thefifthwave_20240831_btcusd,HIGH,instrument,Y,"{""asShown"":""BTC/USDT"",""vuSymbol"":""BTCUSD"",""instrumentType"":""CRYPTO_SPOT"",""mappingQuality"":""PROXY_SAME_UNDERLYING""}",AGREE,https://www.tradingview.com/chart/BTCUSDT/cSMSsEmp-BTC-USDT/,,,,,,
409400e8fec5ec30,pr_tv-thefifthwave_20240831_btcusd#timeframe,tv-thefifthwave|BTCUSD|2024-08-31|1,pr_tv-thefifthwave_20240831_btcusd,HIGH,timeframe,Y,1D,AGREE,https://www.tradingview.com/chart/BTCUSDT/cSMSsEmp-BTC-USDT/,,,,,,
409400e8fec5ec30,pr_tv-thefifthwave_20240831_btcusd#publication.timestamp,tv-thefifthwave|BTCUSD|2024-08-31|1,pr_tv-thefifthwave_20240831_btcusd,HIGH,publication.timestamp,N,2024-08-31T06:53:27+00:00,,https://www.tradingview.com/chart/BTCUSDT/cSMSsEmp-BTC-USDT/,,,,,,
409400e8fec5ec30,pr_tv-thefifthwave_20240831_btcusd#primary.pattern,tv-thefifthwave|BTCUSD|2024-08-31|1,pr_tv-thefifthwave_20240831_btcusd,HIGH,primary.pattern,N,IMPULSE,,https://www.tradingview.com/chart/BTCUSDT/cSMSsEmp-BTC-USDT/,"[image 1 labels] A: 1,2 then (1)(2)(3)(4) with (3) marked at Mar 2024 top and (4) under triangle ending at (E) | [snapshot image] B: Labels 1,2 then (1)-(2) ... (3) at Mar-2024 high, (A)-(E) triangle labelled (4) below.",,,,,
409400e8fec5ec30,pr_tv-thefifthwave_20240831_btcusd#primary.family,tv-thefifthwave|BTCUSD|2024-08-31|1,pr_tv-thefifthwave_20240831_btcusd,HIGH,primary.family,Y,MOTIVE,AGREE,https://www.tradingview.com/chart/BTCUSDT/cSMSsEmp-BTC-USDT/,"[image 1 labels] A: 1,2 then (1)(2)(3)(4) with (3) marked at Mar 2024 top and (4) under triangle ending at (E) | [snapshot image] B: Labels 1,2 then (1)-(2) ... (3) at Mar-2024 high, (A)-(E) triangle labelled (4) below.",,,,,
409400e8fec5ec30,pr_tv-thefifthwave_20240831_btcusd#primary.degree,tv-thefifthwave|BTCUSD|2024-08-31|1,pr_tv-thefifthwave_20240831_btcusd,HIGH,primary.degree,N,"{""degreeLabel"":""(5)"",""degreeRank"":null}",,https://www.tradingview.com/chart/BTCUSDT/cSMSsEmp-BTC-USDT/,,,,,,
409400e8fec5ec30,pr_tv-thefifthwave_20240831_btcusd#primary.currentWave,tv-thefifthwave|BTCUSD|2024-08-31|1,pr_tv-thefifthwave_20240831_btcusd,HIGH,primary.currentWave,Y,(5),AGREE,https://www.tradingview.com/chart/BTCUSDT/cSMSsEmp-BTC-USDT/,"[description sentence 1-2] A: author: start of sub-waves of 5 of 3; 4 of 3 done as triangle | [image 1 (E) label] A: (E)/(4) low early Aug 2024 by x-axis; price only approx (~49-50k on log axis), not recorded | [description sentence 1-2] B: Author says micro-waves of 5 of 3 are beginning and wave 4 of 3 finished as a triangle. | [chart drawing JSON (ElliottTriangle last point)] B: E anchor 2024-08-04/05 ~49617; matches (E) label on image.",,,,,
409400e8fec5ec30,pr_tv-thefifthwave_20240831_btcusd#primary.state,tv-thefifthwave|BTCUSD|2024-08-31|1,pr_tv-thefifthwave_20240831_btcusd,HIGH,primary.state,N,DEVELOPING,,https://www.tradingview.com/chart/BTCUSDT/cSMSsEmp-BTC-USDT/,,,,,,
409400e8fec5ec30,pr_tv-thefifthwave_20240831_btcusd#directionalBias,tv-thefifthwave|BTCUSD|2024-08-31|1,pr_tv-thefifthwave_20240831_btcusd,HIGH,directionalBias,Y,UP,AGREE,https://www.tradingview.com/chart/BTCUSDT/cSMSsEmp-BTC-USDT/,"[image 1 grey projection path; description last sentence] A: path projected up off the chart top; market expected to pump",,,,,
409400e8fec5ec30,pr_tv-thefifthwave_20240831_btcusd#primary.nextMoveAfterCurrent,tv-thefifthwave|BTCUSD|2024-08-31|1,pr_tv-thefifthwave_20240831_btcusd,HIGH,primary.nextMoveAfterCurrent,N,DOWN,,https://www.tradingview.com/chart/BTCUSDT/cSMSsEmp-BTC-USDT/,,,,,,
409400e8fec5ec30,pr_tv-thefifthwave_20240831_btcusd#targetZones,tv-thefifthwave|BTCUSD|2024-08-31|1,pr_tv-thefifthwave_20240831_btcusd,HIGH,targetZones,N,[],,https://www.tradingview.com/chart/BTCUSDT/cSMSsEmp-BTC-USDT/,,,,,,
409400e8fec5ec30,pr_tv-thefifthwave_20240831_btcusd#invalidation,tv-thefifthwave|BTCUSD|2024-08-31|1,pr_tv-thefifthwave_20240831_btcusd,HIGH,invalidation,Y,null,NOT_STATED,https://www.tradingview.com/chart/BTCUSDT/cSMSsEmp-BTC-USDT/,,,,,,
409400e8fec5ec30,pr_tv-thefifthwave_20240831_btcusd#alternatives,tv-thefifthwave|BTCUSD|2024-08-31|1,pr_tv-thefifthwave_20240831_btcusd,HIGH,alternatives,N,[],,https://www.tradingview.com/chart/BTCUSDT/cSMSsEmp-BTC-USDT/,,,,,,
409400e8fec5ec30,pr_tv-yuchaosng_20240121_qqq#instrument,tv-yuchaosng|QQQ|2024-01-21|1,pr_tv-yuchaosng_20240121_qqq,HIGH,instrument,Y,"{""asShown"":""US 100"",""vuSymbol"":""QQQ"",""instrumentType"":""INDEX_CASH"",""mappingQuality"":""PROXY_DIFFERENT_INSTRUMENT""}",AGREE,https://www.tradingview.com/chart/NDQ/guICzdg7-Nasdaq-Long-Target-18000-then-Short-Last-Wave-Up/,,,,,,
409400e8fec5ec30,pr_tv-yuchaosng_20240121_qqq#timeframe,tv-yuchaosng|QQQ|2024-01-21|1,pr_tv-yuchaosng_20240121_qqq,HIGH,timeframe,Y,1D,AGREE,https://www.tradingview.com/chart/NDQ/guICzdg7-Nasdaq-Long-Target-18000-then-Short-Last-Wave-Up/,"[snapshot image header] A: US 100 INDEX, 1D, TVC",,,,,
409400e8fec5ec30,pr_tv-yuchaosng_20240121_qqq#publication.timestamp,tv-yuchaosng|QQQ|2024-01-21|1,pr_tv-yuchaosng_20240121_qqq,HIGH,publication.timestamp,N,2024-01-21T17:30:22+00:00,,https://www.tradingview.com/chart/NDQ/guICzdg7-Nasdaq-Long-Target-18000-then-Short-Last-Wave-Up/,,,,,,
409400e8fec5ec30,pr_tv-yuchaosng_20240121_qqq#primary.pattern,tv-yuchaosng|QQQ|2024-01-21|1,pr_tv-yuchaosng_20240121_qqq,HIGH,primary.pattern,N,IMPULSE,,https://www.tradingview.com/chart/NDQ/guICzdg7-Nasdaq-Long-Target-18000-then-Short-Last-Wave-Up/,,,,,,
409400e8fec5ec30,pr_tv-yuchaosng_20240121_qqq#primary.family,tv-yuchaosng|QQQ|2024-01-21|1,pr_tv-yuchaosng_20240121_qqq,HIGH,primary.family,Y,MOTIVE,AGREE,https://www.tradingview.com/chart/NDQ/guICzdg7-Nasdaq-Long-Target-18000-then-Short-Last-Wave-Up/,,,,,,
409400e8fec5ec30,pr_tv-yuchaosng_20240121_qqq#primary.degree,tv-yuchaosng|QQQ|2024-01-21|1,pr_tv-yuchaosng_20240121_qqq,HIGH,primary.degree,N,"{""degreeLabel"":""5"",""degreeRank"":null}",,https://www.tradingview.com/chart/NDQ/guICzdg7-Nasdaq-Long-Target-18000-then-Short-Last-Wave-Up/,,,,,,
409400e8fec5ec30,pr_tv-yuchaosng_20240121_qqq#primary.currentWave,tv-yuchaosng|QQQ|2024-01-21|1,pr_tv-yuchaosng_20240121_qqq,HIGH,primary.currentWave,Y,5,AGREE,https://www.tradingview.com/chart/NDQ/guICzdg7-Nasdaq-Long-Target-18000-then-Short-Last-Wave-Up/,"[snapshot image; video ~03:58 frame] A: Labels 1,2,3,4 on pivots, label 5 placed at projected endpoint near 18000 on trendline | [video ~01:28 frame] A: Cursor on wave 4 pivot shows 26 Oct 2023 bar low 14058.33, also Fib 0 level | [snapshot image, label 5 at top right with projection line] B: Labels 1,2,3,4 placed; 5 drawn as projection ending near 18000",,,,,
409400e8fec5ec30,pr_tv-yuchaosng_20240121_qqq#primary.state,tv-yuchaosng|QQQ|2024-01-21|1,pr_tv-yuchaosng_20240121_qqq,HIGH,primary.state,N,DEVELOPING,,https://www.tradingview.com/chart/NDQ/guICzdg7-Nasdaq-Long-Target-18000-then-Short-Last-Wave-Up/,,,,,,
409400e8fec5ec30,pr_tv-yuchaosng_20240121_qqq#directionalBias,tv-yuchaosng|QQQ|2024-01-21|1,pr_tv-yuchaosng_20240121_qqq,HIGH,directionalBias,Y,UP,AGREE,https://www.tradingview.com/chart/NDQ/guICzdg7-Nasdaq-Long-Target-18000-then-Short-Last-Wave-Up/,,,,,,
409400e8fec5ec30,pr_tv-yuchaosng_20240121_qqq#primary.nextMoveAfterCurrent,tv-yuchaosng|QQQ|2024-01-21|1,pr_tv-yuchaosng_20240121_qqq,HIGH,primary.nextMoveAfterCurrent,N,DOWN,,https://www.tradingview.com/chart/NDQ/guICzdg7-Nasdaq-Long-Target-18000-then-Short-Last-Wave-Up/,"[title] A: Title: long to 18000 then short, last wave up | [title] B: Title says long to 18000 then short, last wave up",,,,,
409400e8fec5ec30,pr_tv-yuchaosng_20240121_qqq#targetZones,tv-yuchaosng|QQQ|2024-01-21|1,pr_tv-yuchaosng_20240121_qqq,HIGH,targetZones,N,"[{""high"":18006.81,""label"":""wave 5 target ~18000 (2.618 ext 17996.30 / 1.618 18006.81)"",""low"":17996.3},{""high"":18663.64,""label"":""3.618 extension drawn (higher ext., not named as target)"",""low"":18663.64}]",,https://www.tradingview.com/chart/NDQ/guICzdg7-Nasdaq-Long-Target-18000-then-Short-Last-Wave-Up/,"[title + description + snapshot image] A: Title/description name 18000 target; lines 1.618 (18006.81) and 2.618 (17996.30) | [snapshot image fib labels; title; description] B: 1.618 (18006.81) and 2.618 (17996.30) coincide; title/description give target 18000",,,,,
409400e8fec5ec30,pr_tv-yuchaosng_20240121_qqq#invalidation,tv-yuchaosng|QQQ|2024-01-21|1,pr_tv-yuchaosng_20240121_qqq,HIGH,invalidation,Y,null,NOT_STATED,https://www.tradingview.com/chart/NDQ/guICzdg7-Nasdaq-Long-Target-18000-then-Short-Last-Wave-Up/,,,,,,
409400e8fec5ec30,pr_tv-yuchaosng_20240121_qqq#alternatives,tv-yuchaosng|QQQ|2024-01-21|1,pr_tv-yuchaosng_20240121_qqq,HIGH,alternatives,N,[],,https://www.tradingview.com/chart/NDQ/guICzdg7-Nasdaq-Long-Target-18000-then-Short-Last-Wave-Up/,,,,,,
409400e8fec5ec30,pr_ewf_20230905_abnb#instrument,ewf|ABNB|2023-09-05|1,pr_ewf_20230905_abnb,HIGH,instrument,Y,"{""asShown"":""ABNB"",""vuSymbol"":""ABNB"",""instrumentType"":""STOCK"",""mappingQuality"":""EXACT""}",AGREE,https://elliottwave-forecast.com/stock-market/airbnb-nesting-acceleration/,,,,,,
409400e8fec5ec30,pr_ewf_20230905_abnb#timeframe,ewf|ABNB|2023-09-05|1,pr_ewf_20230905_abnb,HIGH,timeframe,Y,1W,AGREE,https://elliottwave-forecast.com/stock-market/airbnb-nesting-acceleration/,,,,,,
409400e8fec5ec30,pr_ewf_20230905_abnb#publication.timestamp,ewf|ABNB|2023-09-05|1,pr_ewf_20230905_abnb,HIGH,publication.timestamp,N,2023-09-05T21:14:44+00:00,,https://elliottwave-forecast.com/stock-market/airbnb-nesting-acceleration/,,,,,,
409400e8fec5ec30,pr_ewf_20230905_abnb#primary.pattern,ewf|ABNB|2023-09-05|1,pr_ewf_20230905_abnb,HIGH,primary.pattern,N,IMPULSE,,https://elliottwave-forecast.com/stock-market/airbnb-nesting-acceleration/,,,,,,
409400e8fec5ec30,pr_ewf_20230905_abnb#primary.family,ewf|ABNB|2023-09-05|1,pr_ewf_20230905_abnb,HIGH,primary.family,Y,MOTIVE,AGREE,https://elliottwave-forecast.com/stock-market/airbnb-nesting-acceleration/,,,,,,
409400e8fec5ec30,pr_ewf_20230905_abnb#primary.degree,ewf|ABNB|2023-09-05|1,pr_ewf_20230905_abnb,HIGH,primary.degree,N,"{""degreeLabel"":""(3)"",""degreeRank"":null}",,https://elliottwave-forecast.com/stock-market/airbnb-nesting-acceleration/,,,,,,
409400e8fec5ec30,pr_ewf_20230905_abnb#primary.currentWave,ewf|ABNB|2023-09-05|1,pr_ewf_20230905_abnb,HIGH,primary.currentWave,Y,(3),AGREE,https://elliottwave-forecast.com/stock-market/airbnb-nesting-acceleration/,"[paragraph 3 + image 1] A: text says acceleration within blue (3) of ((3)) soon; chart shows (2) completed, projected path up | [paragraph 'From the December 2022 lows' / image 1] B: author says acceleration soon within blue (3) of black ((3)); chart shows (2) completed in Aug 2023 and projected path upward",,,,,
409400e8fec5ec30,pr_ewf_20230905_abnb#primary.state,ewf|ABNB|2023-09-05|1,pr_ewf_20230905_abnb,HIGH,primary.state,N,DEVELOPING,,https://elliottwave-forecast.com/stock-market/airbnb-nesting-acceleration/,,,,,,
409400e8fec5ec30,pr_ewf_20230905_abnb#directionalBias,ewf|ABNB|2023-09-05|1,pr_ewf_20230905_abnb,HIGH,directionalBias,Y,UP,AGREE,https://elliottwave-forecast.com/stock-market/airbnb-nesting-acceleration/,,,,,,
409400e8fec5ec30,pr_ewf_20230905_abnb#primary.nextMoveAfterCurrent,ewf|ABNB|2023-09-05|1,pr_ewf_20230905_abnb,HIGH,primary.nextMoveAfterCurrent,N,DOWN,,https://elliottwave-forecast.com/stock-market/airbnb-nesting-acceleration/,[image 1 projected path] A: after (3) a (4) pullback drawn,,,,,
409400e8fec5ec30,pr_ewf_20230905_abnb#targetZones,ewf|ABNB|2023-09-05|1,pr_ewf_20230905_abnb,HIGH,targetZones,N,"[{""high"":166.11,""label"":""((3)) target 1.0 ext"",""low"":166.11},{""high"":204.93,""label"":""((3)) target 1.618 ext"",""low"":204.93},{""high"":228.92,""label"":""((3)) target 2.0 ext"",""low"":228.92},{""high"":435,""label"":""long-run target blue (III)"",""low"":300}]",,https://elliottwave-forecast.com/stock-market/airbnb-nesting-acceleration/,"[paragraph 3 + image 1 fib lines] A: 166.11, 204.93, 228.92 lines; (III) 300-435 in text | [paragraph 3 / image 1 fib lines] B: ((3)) targets 166.11, 204.93, 228.92; (III) 300-435",,,,,
409400e8fec5ec30,pr_ewf_20230905_abnb#invalidation,ewf|ABNB|2023-09-05|1,pr_ewf_20230905_abnb,HIGH,invalidation,Y,"{""basis"":""UNKNOWN"",""direction"":""below"",""price"":81.91}",AGREE,https://elliottwave-forecast.com/stock-market/airbnb-nesting-acceleration/,"[image 1, green line] A: Invalidation Level at 81.91 drawn | [image 1, green line right side] B: line at 81.91 labelled Invalidation Level",,,,,
409400e8fec5ec30,pr_ewf_20230905_abnb#alternatives,ewf|ABNB|2023-09-05|1,pr_ewf_20230905_abnb,HIGH,alternatives,N,[],,https://elliottwave-forecast.com/stock-market/airbnb-nesting-acceleration/,,,,,,
409400e8fec5ec30,pr_ewf_20230621_rcl#instrument,ewf|RCL|2023-06-21|1,pr_ewf_20230621_rcl,HIGH,instrument,Y,"{""asShown"":""RCL"",""vuSymbol"":""RCL"",""instrumentType"":""STOCK"",""mappingQuality"":""EXACT""}",AGREE,https://elliottwave-forecast.com/stock-market/royal-caribbean-cruises-rcl-growth/,,,,,,
409400e8fec5ec30,pr_ewf_20230621_rcl#timeframe,ewf|RCL|2023-06-21|1,pr_ewf_20230621_rcl,HIGH,timeframe,Y,1W,AGREE,https://elliottwave-forecast.com/stock-market/royal-caribbean-cruises-rcl-growth/,"[image 1, header] A: Chart header shows W (weekly)",,,,,
409400e8fec5ec30,pr_ewf_20230621_rcl#publication.timestamp,ewf|RCL|2023-06-21|1,pr_ewf_20230621_rcl,HIGH,publication.timestamp,N,2023-06-21T09:18:26+00:00,,https://elliottwave-forecast.com/stock-market/royal-caribbean-cruises-rcl-growth/,,,,,,
409400e8fec5ec30,pr_ewf_20230621_rcl#primary.pattern,ewf|RCL|2023-06-21|1,pr_ewf_20230621_rcl,HIGH,primary.pattern,N,IMPULSE,,https://elliottwave-forecast.com/stock-market/royal-caribbean-cruises-rcl-growth/,"[paragraph 4 + image 1] B: text names the current advance as wave I of (III); chart red I at ((5)) ~118",,,,,
409400e8fec5ec30,pr_ewf_20230621_rcl#primary.family,ewf|RCL|2023-06-21|1,pr_ewf_20230621_rcl,HIGH,primary.family,Y,MOTIVE,AGREE,https://elliottwave-forecast.com/stock-market/royal-caribbean-cruises-rcl-growth/,,,,,,
409400e8fec5ec30,pr_ewf_20230621_rcl#primary.degree,ewf|RCL|2023-06-21|1,pr_ewf_20230621_rcl,HIGH,primary.degree,N,"{""degreeLabel"":""((3))"",""degreeRank"":null}",,https://elliottwave-forecast.com/stock-market/royal-caribbean-cruises-rcl-growth/,,,,,,
409400e8fec5ec30,pr_ewf_20230621_rcl#primary.currentWave,ewf|RCL|2023-06-21|1,pr_ewf_20230621_rcl,HIGH,primary.currentWave,Y,((3)),AGREE,https://elliottwave-forecast.com/stock-market/royal-caribbean-cruises-rcl-growth/,"[image 1, right side] A: Price bars end just after ((2)) with projected path ((3)),((4)),((5)) forming red I, then II, then up | [image 1, right side] B: ((1)) and ((2)) labelled on bars; ((3)),((4)),((5)) drawn as projection path after last bar at 96.60, so ((3)) running",,,,,
409400e8fec5ec30,pr_ewf_20230621_rcl#primary.state,ewf|RCL|2023-06-21|1,pr_ewf_20230621_rcl,HIGH,primary.state,N,DEVELOPING,,https://elliottwave-forecast.com/stock-market/royal-caribbean-cruises-rcl-growth/,,,,,,
409400e8fec5ec30,pr_ewf_20230621_rcl#directionalBias,ewf|RCL|2023-06-21|1,pr_ewf_20230621_rcl,HIGH,directionalBias,Y,UP,AGREE,https://elliottwave-forecast.com/stock-market/royal-caribbean-cruises-rcl-growth/,,,,,,
409400e8fec5ec30,pr_ewf_20230621_rcl#primary.nextMoveAfterCurrent,ewf|RCL|2023-06-21|1,pr_ewf_20230621_rcl,HIGH,primary.nextMoveAfterCurrent,N,DOWN,,https://elliottwave-forecast.com/stock-market/royal-caribbean-cruises-rcl-growth/,,,,,,
409400e8fec5ec30,pr_ewf_20230621_rcl#targetZones,ewf|RCL|2023-06-21|1,pr_ewf_20230621_rcl,HIGH,targetZones,N,"[{""high"":129,""label"":""Upside area for wave I after break above 2021 peak (text)"",""low"":111},{""high"":160,""label"":""Alternative nest scenario target if 2018 ATH is exceeded (text)"",""low"":160}]",,https://elliottwave-forecast.com/stock-market/royal-caribbean-cruises-rcl-growth/,[paragraph 3] A: Upside potential 111-129 after higher high above 2021 peak | [paragraph 3] B: upside range 111-129 after higher high vs 2021 peak,,,,,
409400e8fec5ec30,pr_ewf_20230621_rcl#invalidation,ewf|RCL|2023-06-21|1,pr_ewf_20230621_rcl,HIGH,invalidation,Y,"{""basis"":""UNKNOWN"",""direction"":""below"",""price"":19.05}",AGREE,https://elliottwave-forecast.com/stock-market/royal-caribbean-cruises-rcl-growth/,"[image 1, green line] A: Green horizontal line labelled Invalidation Level at 19.05 (2020 low)",,,,,
409400e8fec5ec30,pr_ewf_20230621_rcl#alternatives,ewf|RCL|2023-06-21|1,pr_ewf_20230621_rcl,HIGH,alternatives,N,"[{""currentWave"":""III (nest, I and II already done)"",""directionalBias"":""UP"",""note"":""If price breaks above the 2018 ATH, wave III may already be running in a nest; acceleration toward ~160 without a larger II pullback. ATH level not given numerically."",""pattern"":""IMPULSE"",""trigger"":null}]",,https://elliottwave-forecast.com/stock-market/royal-caribbean-cruises-rcl-growth/,"[paragraph 4] A: Above 2018 peak, acceleration toward 160, III possibly underway in nest",,,,,
409400e8fec5ec30,pr_ewf_20240220_lly#instrument,ewf|LLY|2024-02-20|1,pr_ewf_20240220_lly,HIGH,instrument,Y,"{""asShown"":""LLY"",""vuSymbol"":""LLY"",""instrumentType"":""STOCK"",""mappingQuality"":""EXACT""}",AGREE,https://elliottwave-forecast.com/stock-market/lly-continue-bullish-rally/,,,,,,
409400e8fec5ec30,pr_ewf_20240220_lly#timeframe,ewf|LLY|2024-02-20|1,pr_ewf_20240220_lly,HIGH,timeframe,Y,1W,AGREE,https://elliottwave-forecast.com/stock-market/lly-continue-bullish-rally/,"[image 1 and 2 headers] A: Both labelled LLY, W (Dynamic)",,,,,
409400e8fec5ec30,pr_ewf_20240220_lly#publication.timestamp,ewf|LLY|2024-02-20|1,pr_ewf_20240220_lly,HIGH,publication.timestamp,N,2024-02-20T06:40:31+00:00,,https://elliottwave-forecast.com/stock-market/lly-continue-bullish-rally/,,,,,,
409400e8fec5ec30,pr_ewf_20240220_lly#primary.pattern,ewf|LLY|2024-02-20|1,pr_ewf_20240220_lly,HIGH,primary.pattern,N,IMPULSE,,https://elliottwave-forecast.com/stock-market/lly-continue-bullish-rally/,,,,,,
409400e8fec5ec30,pr_ewf_20240220_lly#primary.family,ewf|LLY|2024-02-20|1,pr_ewf_20240220_lly,HIGH,primary.family,Y,MOTIVE,AGREE,https://elliottwave-forecast.com/stock-market/lly-continue-bullish-rally/,,,,,,
409400e8fec5ec30,pr_ewf_20240220_lly#primary.degree,ewf|LLY|2024-02-20|1,pr_ewf_20240220_lly,HIGH,primary.degree,N,"{""degreeLabel"":""3 (red) of (3) of ((3)) of III"",""degreeRank"":1}",,https://elliottwave-forecast.com/stock-market/lly-continue-bullish-rally/,,,,,,
409400e8fec5ec30,pr_ewf_20240220_lly#primary.currentWave,ewf|LLY|2024-02-20|1,pr_ewf_20240220_lly,HIGH,primary.currentWave,Y,3,AGREE,https://elliottwave-forecast.com/stock-market/lly-continue-bullish-rally/,"[paragraph 2 (intro) and image 2] A: Author favors upside in 3 of (3); chart projects red 3, 4, 5 ending (3) | [paragraph 2] B: Author favors upside in 3 of (3) within extended ((3)).",,,,,
409400e8fec5ec30,pr_ewf_20240220_lly#primary.state,ewf|LLY|2024-02-20|1,pr_ewf_20240220_lly,HIGH,primary.state,N,DEVELOPING,,https://elliottwave-forecast.com/stock-market/lly-continue-bullish-rally/,,,,,,
409400e8fec5ec30,pr_ewf_20240220_lly#directionalBias,ewf|LLY|2024-02-20|1,pr_ewf_20240220_lly,HIGH,directionalBias,Y,UP,AGREE,https://elliottwave-forecast.com/stock-market/lly-continue-bullish-rally/,,,,,,
409400e8fec5ec30,pr_ewf_20240220_lly#primary.nextMoveAfterCurrent,ewf|LLY|2024-02-20|1,pr_ewf_20240220_lly,HIGH,primary.nextMoveAfterCurrent,N,DOWN,,https://elliottwave-forecast.com/stock-market/lly-continue-bullish-rally/,"[image 2 / last paragraph of analysis] A: After 3 comes 4 pullback; after (3) a correction in (4)",,,,,
409400e8fec5ec30,pr_ewf_20240220_lly#targetZones,ewf|LLY|2024-02-20|1,pr_ewf_20240220_lly,HIGH,targetZones,N,"[{""high"":869.47,""label"":""(3) of ((3)) target, 100% extension, 'or higher'"",""low"":869.47}]",,https://elliottwave-forecast.com/stock-market/lly-continue-bullish-rally/,"[paragraph 'Latest Weekly View' / image 2] A: (3) of ((3)) expected toward 869.47 or higher; 1.0 extension line drawn at 869.47 | [paragraph 4 / image 2] B: (3) of ((3)) expected toward 869.47 or higher; 1.0 extension line drawn at 869.47.",,,,,
409400e8fec5ec30,pr_ewf_20240220_lly#invalidation,ewf|LLY|2024-02-20|1,pr_ewf_20240220_lly,HIGH,invalidation,Y,"{""basis"":""UNKNOWN"",""direction"":""below"",""price"":309.2}",AGREE,https://elliottwave-forecast.com/stock-market/lly-continue-bullish-rally/,[image 2] A: Green 'Right Side' tag with line labelled Invalidation Level at 309.20 (((2)) low) | [image 2] B: Green line labelled Invalidation Level at 309.20 with Right Side up tag.,,,,,
409400e8fec5ec30,pr_ewf_20240220_lly#alternatives,ewf|LLY|2024-02-20|1,pr_ewf_20240220_lly,HIGH,alternatives,N,[],,https://elliottwave-forecast.com/stock-market/lly-continue-bullish-rally/,,,,,,
409400e8fec5ec30,pr_ewf_20220816_zm#instrument,ewf|ZM|2022-08-16|1,pr_ewf_20220816_zm,HIGH,instrument,Y,"{""asShown"":""ZM"",""vuSymbol"":""ZM"",""instrumentType"":""STOCK"",""mappingQuality"":""EXACT""}",AGREE,https://elliottwave-forecast.com/stock-market/zoom-zm-entering-bigger-extreme-area/,,,,,,
409400e8fec5ec30,pr_ewf_20220816_zm#timeframe,ewf|ZM|2022-08-16|1,pr_ewf_20220816_zm,HIGH,timeframe,Y,1W,AGREE,https://elliottwave-forecast.com/stock-market/zoom-zm-entering-bigger-extreme-area/,,,,,,
409400e8fec5ec30,pr_ewf_20220816_zm#publication.timestamp,ewf|ZM|2022-08-16|1,pr_ewf_20220816_zm,HIGH,publication.timestamp,N,2022-08-16T20:54:31+00:00,,https://elliottwave-forecast.com/stock-market/zoom-zm-entering-bigger-extreme-area/,,,,,,
409400e8fec5ec30,pr_ewf_20220816_zm#primary.pattern,ewf|ZM|2022-08-16|1,pr_ewf_20220816_zm,HIGH,primary.pattern,N,ZIGZAG,,https://elliottwave-forecast.com/stock-market/zoom-zm-entering-bigger-extreme-area/,"[paragraph 2 / image 1] B: Text names the decline a zigzag with legs a, b, c; chart shows a-b-c ending as (II).",,,,,
409400e8fec5ec30,pr_ewf_20220816_zm#primary.family,ewf|ZM|2022-08-16|1,pr_ewf_20220816_zm,HIGH,primary.family,Y,CORRECTIVE,AGREE,https://elliottwave-forecast.com/stock-market/zoom-zm-entering-bigger-extreme-area/,"[paragraph 2 / image 1] B: Text names the decline a zigzag with legs a, b, c; chart shows a-b-c ending as (II).",,,,,
409400e8fec5ec30,pr_ewf_20220816_zm#primary.degree,ewf|ZM|2022-08-16|1,pr_ewf_20220816_zm,HIGH,primary.degree,N,"{""degreeLabel"":""c"",""degreeRank"":null}",,https://elliottwave-forecast.com/stock-market/zoom-zm-entering-bigger-extreme-area/,,,,,,
409400e8fec5ec30,pr_ewf_20220816_zm#primary.currentWave,ewf|ZM|2022-08-16|1,pr_ewf_20220816_zm,HIGH,primary.currentWave,Y,c,AGREE,https://elliottwave-forecast.com/stock-market/zoom-zm-entering-bigger-extreme-area/,"[image 1 / paragraph 2] A: a, b labelled; c shown as projected path below ((4)) into blue box; text says c leg lower | [paragraph 2] A: b ended at 406.48 high | [image 1] B: Labels ((1))-((4)) printed inside c; projected path drops to ((5)) c (II) in blue box. | [paragraph 2] B: b ended at 406.48 high, from which c started.",,,,,
409400e8fec5ec30,pr_ewf_20220816_zm#primary.state,ewf|ZM|2022-08-16|1,pr_ewf_20220816_zm,HIGH,primary.state,N,DEVELOPING,,https://elliottwave-forecast.com/stock-market/zoom-zm-entering-bigger-extreme-area/,,,,,,
409400e8fec5ec30,pr_ewf_20220816_zm#directionalBias,ewf|ZM|2022-08-16|1,pr_ewf_20220816_zm,HIGH,directionalBias,Y,DOWN,AGREE,https://elliottwave-forecast.com/stock-market/zoom-zm-entering-bigger-extreme-area/,,,,,,
409400e8fec5ec30,pr_ewf_20220816_zm#primary.nextMoveAfterCurrent,ewf|ZM|2022-08-16|1,pr_ewf_20220816_zm,HIGH,primary.nextMoveAfterCurrent,N,UP,,https://elliottwave-forecast.com/stock-market/zoom-zm-entering-bigger-extreme-area/,,,,,,
409400e8fec5ec30,pr_ewf_20220816_zm#targetZones,ewf|ZM|2022-08-16|1,pr_ewf_20220816_zm,HIGH,targetZones,N,[],,https://elliottwave-forecast.com/stock-market/zoom-zm-entering-bigger-extreme-area/,,,,,,
409400e8fec5ec30,pr_ewf_20220816_zm#invalidation,ewf|ZM|2022-08-16|1,pr_ewf_20220816_zm,HIGH,invalidation,Y,"{""basis"":""UNKNOWN"",""direction"":""below"",""price"":14}",AGREE,https://elliottwave-forecast.com/stock-market/zoom-zm-entering-bigger-extreme-area/,[image 1] A: green line at 14.00 labelled Invalidation Level below the box,,,,,
409400e8fec5ec30,pr_ewf_20220816_zm#alternatives,ewf|ZM|2022-08-16|1,pr_ewf_20220816_zm,HIGH,alternatives,N,"[{""currentWave"":""((1)) of new cycle (after (II) complete)"",""directionalBias"":""UP"",""note"":""Alternate weekly chart: c/(II) already ended at 79.03 low with minimum swings; while above 79.03 rally can resume, ((1)) up then ((2)) dip projected."",""pattern"":""ZIGZAG"",""trigger"":79.03}]",,https://elliottwave-forecast.com/stock-market/zoom-zm-entering-bigger-extreme-area/,"[image 2 / paragraph 3] A: Alternate View chart, 79.03 invalidation line, TurningUp tag",,,,,
409400e8fec5ec30,pr_ewf_20241008_nee#instrument,ewf|NEE|2024-10-08|1,pr_ewf_20241008_nee,HIGH,instrument,Y,"{""asShown"":""NEE"",""vuSymbol"":""NEE"",""instrumentType"":""STOCK"",""mappingQuality"":""EXACT""}",AGREE,https://elliottwave-forecast.com/stock-market/nextera-nee-continue-bullish-trend-correcting-lower/,,,,,,
409400e8fec5ec30,pr_ewf_20241008_nee#timeframe,ewf|NEE|2024-10-08|1,pr_ewf_20241008_nee,HIGH,timeframe,Y,1W,AGREE,https://elliottwave-forecast.com/stock-market/nextera-nee-continue-bullish-trend-correcting-lower/,"[image 1 header] A: Chart titled NEE, W (Dynamic)",,,,,
409400e8fec5ec30,pr_ewf_20241008_nee#publication.timestamp,ewf|NEE|2024-10-08|1,pr_ewf_20241008_nee,HIGH,publication.timestamp,N,2024-10-08T08:43:01+00:00,,https://elliottwave-forecast.com/stock-market/nextera-nee-continue-bullish-trend-correcting-lower/,,,,,,
409400e8fec5ec30,pr_ewf_20241008_nee#primary.pattern,ewf|NEE|2024-10-08|1,pr_ewf_20241008_nee,HIGH,primary.pattern,N,IMPULSE,,https://elliottwave-forecast.com/stock-market/nextera-nee-continue-bullish-trend-correcting-lower/,,,,,,
409400e8fec5ec30,pr_ewf_20241008_nee#primary.family,ewf|NEE|2024-10-08|1,pr_ewf_20241008_nee,HIGH,primary.family,Y,MOTIVE,AGREE,https://elliottwave-forecast.com/stock-market/nextera-nee-continue-bullish-trend-correcting-lower/,,,,,,
409400e8fec5ec30,pr_ewf_20241008_nee#primary.degree,ewf|NEE|2024-10-08|1,pr_ewf_20241008_nee,HIGH,primary.degree,N,"{""degreeLabel"":""((5))"",""degreeRank"":null}",,https://elliottwave-forecast.com/stock-market/nextera-nee-continue-bullish-trend-correcting-lower/,,,,,,
409400e8fec5ec30,pr_ewf_20241008_nee#primary.currentWave,ewf|NEE|2024-10-08|1,pr_ewf_20241008_nee,HIGH,primary.currentWave,Y,((5)),AGREE,https://elliottwave-forecast.com/stock-market/nextera-nee-continue-bullish-trend-correcting-lower/,"[paragraph 4 / image 1] A: Text: upside in ((5)) from June-2024 low to finish I; chart shows ((5)) and I projected above last bars | [paragraph 4] A: ((4)) low stated at 68.97 | [paragraph 2 and 4 / image 1] B: Text and chart label ((5)) of red I as current upward wave; projected path to I then ((A))-((B))-((C)) of II | [paragraph 4] B: ((4)) low stated at 68.97, ((5)) started from June-2024 low",,,,,
409400e8fec5ec30,pr_ewf_20241008_nee#primary.state,ewf|NEE|2024-10-08|1,pr_ewf_20241008_nee,HIGH,primary.state,N,DEVELOPING,,https://elliottwave-forecast.com/stock-market/nextera-nee-continue-bullish-trend-correcting-lower/,,,,,,
409400e8fec5ec30,pr_ewf_20241008_nee#directionalBias,ewf|NEE|2024-10-08|1,pr_ewf_20241008_nee,HIGH,directionalBias,Y,UP,AGREE,https://elliottwave-forecast.com/stock-market/nextera-nee-continue-bullish-trend-correcting-lower/,,,,,,
409400e8fec5ec30,pr_ewf_20241008_nee#primary.nextMoveAfterCurrent,ewf|NEE|2024-10-08|1,pr_ewf_20241008_nee,HIGH,primary.nextMoveAfterCurrent,N,DOWN,,https://elliottwave-forecast.com/stock-market/nextera-nee-continue-bullish-trend-correcting-lower/,"[paragraph 4 / image 1] A: II correction in 3/7/11 swings; chart dashed ((A))((B))((C)) to II",,,,,
409400e8fec5ec30,pr_ewf_20241008_nee#targetZones,ewf|NEE|2024-10-08|1,pr_ewf_20241008_nee,HIGH,targetZones,N,"[{""high"":93.73,""label"":""((I)) high Dec-2021; break confirms bullish sequence (not a stated target for ((5)))"",""low"":93.73}]",,https://elliottwave-forecast.com/stock-market/nextera-nee-continue-bullish-trend-correcting-lower/,,,,,,
409400e8fec5ec30,pr_ewf_20241008_nee#invalidation,ewf|NEE|2024-10-08|1,pr_ewf_20241008_nee,HIGH,invalidation,Y,"{""basis"":""UNKNOWN"",""direction"":""below"",""price"":47.15}",AGREE,https://elliottwave-forecast.com/stock-market/nextera-nee-continue-bullish-trend-correcting-lower/,"[image 1] A: Green line labelled Invalidation Level at 47.15 | [image 1, green line] B: Green line labelled Invalidation Level at 47.15",,,,,
409400e8fec5ec30,pr_ewf_20241008_nee#alternatives,ewf|NEE|2024-10-08|1,pr_ewf_20241008_nee,HIGH,alternatives,N,"[{""currentWave"":""I of (I) (nesting)"",""directionalBias"":""UP"",""note"":""If rally extends and erases momentum divergence, author sees nesting higher within (I) instead of an imminent II pullback"",""pattern"":""IMPULSE"",""trigger"":null},{""currentWave"":""((II))"",""directionalBias"":""DOWN"",""note"":""Break below 47.15 would mean ((II)) is a larger double correction still unfolding; until above 93.73 it may stay choppy"",""pattern"":""DOUBLE_ZIGZAG"",""trigger"":47.15}]",,https://elliottwave-forecast.com/stock-market/nextera-nee-continue-bullish-trend-correcting-lower/,,,,,,
409400e8fec5ec30,pr_ewf_20230725_fcx#instrument,ewf|FCX|2023-07-25|1,pr_ewf_20230725_fcx,HIGH,instrument,Y,"{""asShown"":""FCX"",""vuSymbol"":""FCX"",""instrumentType"":""STOCK"",""mappingQuality"":""EXACT""}",AGREE,https://elliottwave-forecast.com/stock-market/freeport-mcmoran-fcx-expect/,,,,,,
409400e8fec5ec30,pr_ewf_20230725_fcx#timeframe,ewf|FCX|2023-07-25|1,pr_ewf_20230725_fcx,HIGH,timeframe,Y,1W,AGREE,https://elliottwave-forecast.com/stock-market/freeport-mcmoran-fcx-expect/,[image 1 header] A: W (Dynamic),,,,,
409400e8fec5ec30,pr_ewf_20230725_fcx#publication.timestamp,ewf|FCX|2023-07-25|1,pr_ewf_20230725_fcx,HIGH,publication.timestamp,N,2023-07-25T05:46:47+00:00,,https://elliottwave-forecast.com/stock-market/freeport-mcmoran-fcx-expect/,,,,,,
409400e8fec5ec30,pr_ewf_20230725_fcx#primary.pattern,ewf|FCX|2023-07-25|1,pr_ewf_20230725_fcx,HIGH,primary.pattern,N,IMPULSE,,https://elliottwave-forecast.com/stock-market/freeport-mcmoran-fcx-expect/,,,,,,
409400e8fec5ec30,pr_ewf_20230725_fcx#primary.family,ewf|FCX|2023-07-25|1,pr_ewf_20230725_fcx,HIGH,primary.family,Y,MOTIVE,AGREE,https://elliottwave-forecast.com/stock-market/freeport-mcmoran-fcx-expect/,,,,,,
409400e8fec5ec30,pr_ewf_20230725_fcx#primary.degree,ewf|FCX|2023-07-25|1,pr_ewf_20230725_fcx,HIGH,primary.degree,N,"{""degreeLabel"":""1"",""degreeRank"":null}",,https://elliottwave-forecast.com/stock-market/freeport-mcmoran-fcx-expect/,,,,,,
409400e8fec5ec30,pr_ewf_20230725_fcx#primary.currentWave,ewf|FCX|2023-07-25|1,pr_ewf_20230725_fcx,HIGH,primary.currentWave,Y,1,AGREE,https://elliottwave-forecast.com/stock-market/freeport-mcmoran-fcx-expect/,"[paragraph 3 (last sentences) / image 1 red 1 label right side] A: Text names current wave as 1 of (1) of ((3)); chart projects 1-2-3-4-5 to blue (1) | [paragraph 2 and 'Latest View' last paragraph; image 1 red 1 label near 43] B: author favours rally in 1 of (1) of ((3)) | [Latest View paragraph 2; image 1 ((2)) label] B: ((2)) ended 33.06 (paragraph 2 says 33.05)",,,,,
409400e8fec5ec30,pr_ewf_20230725_fcx#primary.state,ewf|FCX|2023-07-25|1,pr_ewf_20230725_fcx,HIGH,primary.state,N,DEVELOPING,,https://elliottwave-forecast.com/stock-market/freeport-mcmoran-fcx-expect/,,,,,,
409400e8fec5ec30,pr_ewf_20230725_fcx#directionalBias,ewf|FCX|2023-07-25|1,pr_ewf_20230725_fcx,HIGH,directionalBias,Y,UP,AGREE,https://elliottwave-forecast.com/stock-market/freeport-mcmoran-fcx-expect/,[paragraph 2 and 3] A: Expects small further upside before wave 2 correction,,,,,
409400e8fec5ec30,pr_ewf_20230725_fcx#primary.nextMoveAfterCurrent,ewf|FCX|2023-07-25|1,pr_ewf_20230725_fcx,HIGH,primary.nextMoveAfterCurrent,N,DOWN,,https://elliottwave-forecast.com/stock-market/freeport-mcmoran-fcx-expect/,"[image 1 projected path; paragraph 3] A: Red 2 pullback drawn after red 1 | [Latest View last paragraph; image 1 projected red 2] B: small upside then wave 2 correction",,,,,
409400e8fec5ec30,pr_ewf_20230725_fcx#targetZones,ewf|FCX|2023-07-25|1,pr_ewf_20230725_fcx,HIGH,targetZones,N,[],,https://elliottwave-forecast.com/stock-market/freeport-mcmoran-fcx-expect/,,,,,,
409400e8fec5ec30,pr_ewf_20230725_fcx#invalidation,ewf|FCX|2023-07-25|1,pr_ewf_20230725_fcx,HIGH,invalidation,Y,"{""basis"":""UNKNOWN"",""direction"":""below"",""price"":24.8}",AGREE,https://elliottwave-forecast.com/stock-market/freeport-mcmoran-fcx-expect/,[image 1 green line labelled Invalidation Level at 24.80] A: Explicitly drawn at II low,,,,,
409400e8fec5ec30,pr_ewf_20230725_fcx#alternatives,ewf|FCX|2023-07-25|1,pr_ewf_20230725_fcx,HIGH,alternatives,N,"[{""currentWave"":""((2))"",""directionalBias"":""DOWN"",""note"":""Author mentions a double correction in ((2)) if price breaks below the ((2)) low at 33.06; no detailed count shown"",""pattern"":""WXY"",""trigger"":33.06}]",,https://elliottwave-forecast.com/stock-market/freeport-mcmoran-fcx-expect/,,,,,,
409400e8fec5ec30,pr_tv-cryptoknee_20230118_btcusd#instrument,tv-cryptoknee|BTCUSD|2023-01-18|1,pr_tv-cryptoknee_20230118_btcusd,MEDIUM,instrument,Y,"{""asShown"":""BTCUSD"",""vuSymbol"":""BTCUSD"",""instrumentType"":""CRYPTO_SPOT"",""mappingQuality"":""EXACT""}",AGREE,https://www.tradingview.com/chart/BTCUSD/9sLctUDU-BTC-Elliott-Wave-Prettiness/,,,,,,
409400e8fec5ec30,pr_tv-cryptoknee_20230118_btcusd#timeframe,tv-cryptoknee|BTCUSD|2023-01-18|1,pr_tv-cryptoknee_20230118_btcusd,MEDIUM,timeframe,Y,1D,AGREE,https://www.tradingview.com/chart/BTCUSD/9sLctUDU-BTC-Elliott-Wave-Prettiness/,,,,,,
409400e8fec5ec30,pr_tv-cryptoknee_20230118_btcusd#publication.timestamp,tv-cryptoknee|BTCUSD|2023-01-18|1,pr_tv-cryptoknee_20230118_btcusd,MEDIUM,publication.timestamp,N,2023-01-18T23:44:21+00:00,,https://www.tradingview.com/chart/BTCUSD/9sLctUDU-BTC-Elliott-Wave-Prettiness/,,,,,,
409400e8fec5ec30,pr_tv-cryptoknee_20230118_btcusd#primary.pattern,tv-cryptoknee|BTCUSD|2023-01-18|1,pr_tv-cryptoknee_20230118_btcusd,MEDIUM,primary.pattern,N,IMPULSE,,https://www.tradingview.com/chart/BTCUSD/9sLctUDU-BTC-Elliott-Wave-Prettiness/,,,,,,
409400e8fec5ec30,pr_tv-cryptoknee_20230118_btcusd#primary.family,tv-cryptoknee|BTCUSD|2023-01-18|1,pr_tv-cryptoknee_20230118_btcusd,MEDIUM,primary.family,Y,MOTIVE,AGREE,https://www.tradingview.com/chart/BTCUSD/9sLctUDU-BTC-Elliott-Wave-Prettiness/,,,,,,
409400e8fec5ec30,pr_tv-cryptoknee_20230118_btcusd#primary.degree,tv-cryptoknee|BTCUSD|2023-01-18|1,pr_tv-cryptoknee_20230118_btcusd,MEDIUM,primary.degree,N,"{""degreeLabel"":""4"",""degreeRank"":null}",,https://www.tradingview.com/chart/BTCUSD/9sLctUDU-BTC-Elliott-Wave-Prettiness/,,,,,,
409400e8fec5ec30,pr_tv-cryptoknee_20230118_btcusd#primary.currentWave,tv-cryptoknee|BTCUSD|2023-01-18|1,pr_tv-cryptoknee_20230118_btcusd,MEDIUM,primary.currentWave,Y,4,DISAGREE,https://www.tradingview.com/chart/BTCUSD/9sLctUDU-BTC-Elliott-Wave-Prettiness/,"[image 1, top right of price action] A: circled 3 and cyan 3 at the latest high; cyan 4 and circled 4 projected below, arrows pointing down then up | [image 1, blue labels 1-2-3 and projected 4/5 path] B: Blue 3 at recent top, blue zigzag arrow down to 4 then up to 5",,,,,
409400e8fec5ec30,pr_tv-cryptoknee_20230118_btcusd#primary.state,tv-cryptoknee|BTCUSD|2023-01-18|1,pr_tv-cryptoknee_20230118_btcusd,MEDIUM,primary.state,N,DEVELOPING,,https://www.tradingview.com/chart/BTCUSD/9sLctUDU-BTC-Elliott-Wave-Prettiness/,,,,,,
409400e8fec5ec30,pr_tv-cryptoknee_20230118_btcusd#directionalBias,tv-cryptoknee|BTCUSD|2023-01-18|1,pr_tv-cryptoknee_20230118_btcusd,MEDIUM,directionalBias,Y,DOWN,AGREE,https://www.tradingview.com/chart/BTCUSD/9sLctUDU-BTC-Elliott-Wave-Prettiness/,"[image 1 arrows + description lines 2-3] A: text speaks of a possible retrace; cyan and green arrows both point down first | [description para 2; image 1 arrows] B: Author asks whether market is ready for a retrace; both drawn paths go down first",,,,,
409400e8fec5ec30,pr_tv-cryptoknee_20230118_btcusd#primary.nextMoveAfterCurrent,tv-cryptoknee|BTCUSD|2023-01-18|1,pr_tv-cryptoknee_20230118_btcusd,MEDIUM,primary.nextMoveAfterCurrent,N,UP,,https://www.tradingview.com/chart/BTCUSD/9sLctUDU-BTC-Elliott-Wave-Prettiness/,"[image 1 circled 5 / cyan 5; idea metadata direction=long] A: fifth wave projected above current high",,,,,
409400e8fec5ec30,pr_tv-cryptoknee_20230118_btcusd#targetZones,tv-cryptoknee|BTCUSD|2023-01-18|1,pr_tv-cryptoknee_20230118_btcusd,MEDIUM,targetZones,N,"[{""high"":22100,""label"":""cyan 5 arrow tip (approx, read from axis)"",""low"":21900},{""high"":23600,""label"":""circled 5 placement (approx, read from axis)"",""low"":23400}]",,https://www.tradingview.com/chart/BTCUSD/9sLctUDU-BTC-Elliott-Wave-Prettiness/,,,,,,
409400e8fec5ec30,pr_tv-cryptoknee_20230118_btcusd#invalidation,tv-cryptoknee|BTCUSD|2023-01-18|1,pr_tv-cryptoknee_20230118_btcusd,MEDIUM,invalidation,Y,null,NOT_STATED,https://www.tradingview.com/chart/BTCUSD/9sLctUDU-BTC-Elliott-Wave-Prettiness/,,,,,,
409400e8fec5ec30,pr_tv-cryptoknee_20230118_btcusd#alternatives,tv-cryptoknee|BTCUSD|2023-01-18|1,pr_tv-cryptoknee_20230118_btcusd,MEDIUM,alternatives,N,"[{""currentWave"":""C (red, complete at high)"",""directionalBias"":""DOWN"",""note"":""Red A-B-C labels share the points of circled 1-2-3: rise would be a corrective ABC ending at a lower high below 21478; doubt on impulse flagged below ~18400"",""pattern"":""ZIGZAG"",""trigger"":18400.87},{""currentWave"":""cyan 4 (smaller degree inside circled 3)"",""directionalBias"":""DOWN"",""note"":""Cyan path: shallow dip to ~20050 as smaller W4, then cyan 5 to about 22000 before circled 3 finishes"",""pattern"":""IMPULSE"",""trigger"":null}]",,https://www.tradingview.com/chart/BTCUSD/9sLctUDU-BTC-Elliott-Wave-Prettiness/,"[image 1 red circled A,B,C] A: red ABC labels on same pivots as green 1,2,3; yellow 'Lower High' line at 21478.37",,,,,
409400e8fec5ec30,pr_tv-cryptoknee_20240428_btcusd#instrument,tv-cryptoknee|BTCUSD|2024-04-28|1,pr_tv-cryptoknee_20240428_btcusd,MEDIUM,instrument,Y,"{""asShown"":""BTC/USD"",""vuSymbol"":""BTCUSD"",""instrumentType"":""CRYPTO_SPOT"",""mappingQuality"":""EXACT""}",AGREE,https://www.tradingview.com/chart/BTCUSD/2NnZOZkD-Bitcoin-walkiing-the-Elliott-Wave-Path/,,,,,,
409400e8fec5ec30,pr_tv-cryptoknee_20240428_btcusd#timeframe,tv-cryptoknee|BTCUSD|2024-04-28|1,pr_tv-cryptoknee_20240428_btcusd,MEDIUM,timeframe,Y,1D,AGREE,https://www.tradingview.com/chart/BTCUSD/2NnZOZkD-Bitcoin-walkiing-the-Elliott-Wave-Path/,[image 1 header top right] A: BTC/USD 1D,,,,,
409400e8fec5ec30,pr_tv-cryptoknee_20240428_btcusd#publication.timestamp,tv-cryptoknee|BTCUSD|2024-04-28|1,pr_tv-cryptoknee_20240428_btcusd,MEDIUM,publication.timestamp,N,2024-04-28T13:56:35+00:00,,https://www.tradingview.com/chart/BTCUSD/2NnZOZkD-Bitcoin-walkiing-the-Elliott-Wave-Path/,,,,,,
409400e8fec5ec30,pr_tv-cryptoknee_20240428_btcusd#primary.pattern,tv-cryptoknee|BTCUSD|2024-04-28|1,pr_tv-cryptoknee_20240428_btcusd,MEDIUM,primary.pattern,N,IMPULSE,,https://www.tradingview.com/chart/BTCUSD/2NnZOZkD-Bitcoin-walkiing-the-Elliott-Wave-Path/,,,,,,
409400e8fec5ec30,pr_tv-cryptoknee_20240428_btcusd#primary.family,tv-cryptoknee|BTCUSD|2024-04-28|1,pr_tv-cryptoknee_20240428_btcusd,MEDIUM,primary.family,Y,MOTIVE,AGREE,https://www.tradingview.com/chart/BTCUSD/2NnZOZkD-Bitcoin-walkiing-the-Elliott-Wave-Path/,,,,,,
409400e8fec5ec30,pr_tv-cryptoknee_20240428_btcusd#primary.degree,tv-cryptoknee|BTCUSD|2024-04-28|1,pr_tv-cryptoknee_20240428_btcusd,MEDIUM,primary.degree,N,"{""degreeLabel"":""(4)"",""degreeRank"":null}",,https://www.tradingview.com/chart/BTCUSD/2NnZOZkD-Bitcoin-walkiing-the-Elliott-Wave-Path/,,,,,,
409400e8fec5ec30,pr_tv-cryptoknee_20240428_btcusd#primary.currentWave,tv-cryptoknee|BTCUSD|2024-04-28|1,pr_tv-cryptoknee_20240428_btcusd,MEDIUM,primary.currentWave,Y,(4),AGREE,https://www.tradingview.com/chart/BTCUSD/2NnZOZkD-Bitcoin-walkiing-the-Elliott-Wave-Path/,"[image 1, label (4) inside red box below 0.382 line, right of (3) top] A: (4) placed in retracement box 0.382-0.5 after (3) high | [image 1, center] B: (4) label placed in 0.382-0.5 retrace box under (3) high; yellow projection starts at latest bars",,,,,
409400e8fec5ec30,pr_tv-cryptoknee_20240428_btcusd#primary.state,tv-cryptoknee|BTCUSD|2024-04-28|1,pr_tv-cryptoknee_20240428_btcusd,MEDIUM,primary.state,N,UNKNOWN,,https://www.tradingview.com/chart/BTCUSD/2NnZOZkD-Bitcoin-walkiing-the-Elliott-Wave-Path/,,,,,,
409400e8fec5ec30,pr_tv-cryptoknee_20240428_btcusd#directionalBias,tv-cryptoknee|BTCUSD|2024-04-28|1,pr_tv-cryptoknee_20240428_btcusd,MEDIUM,directionalBias,Y,UP,AGREE,https://www.tradingview.com/chart/BTCUSD/2NnZOZkD-Bitcoin-walkiing-the-Elliott-Wave-Path/,"[description lines 3-4, 8; image 1 yellow path] A: text says bouncing off levels and holding 60k key; path goes up from about current zone",,,,,
409400e8fec5ec30,pr_tv-cryptoknee_20240428_btcusd#primary.nextMoveAfterCurrent,tv-cryptoknee|BTCUSD|2024-04-28|1,pr_tv-cryptoknee_20240428_btcusd,MEDIUM,primary.nextMoveAfterCurrent,N,UP,,https://www.tradingview.com/chart/BTCUSD/2NnZOZkD-Bitcoin-walkiing-the-Elliott-Wave-Path/,"[image 1, yellow zigzag path] A: path rises from current area to ~82k, drops to green box (circled 4), then rises past 92k (circled 5)",,,,,
409400e8fec5ec30,pr_tv-cryptoknee_20240428_btcusd#targetZones,tv-cryptoknee|BTCUSD|2024-04-28|1,pr_tv-cryptoknee_20240428_btcusd,MEDIUM,targetZones,N,"[{""high"":82500,""label"":""(5) of circled 3: yellow path peak near 2.0 ext line (approx)"",""low"":79700},{""high"":69000,""label"":""later circled 4 correction box"",""low"":59598.21},{""high"":92000,""label"":""circled 5 beyond 2.618 ext line (~92k, approx), arrow off chart"",""low"":92000}]",,https://www.tradingview.com/chart/BTCUSD/2NnZOZkD-Bitcoin-walkiing-the-Elliott-Wave-Path/,"[image 1, yellow path] B: zigzag path up to (5) ~82k, down into green box labelled circled 4 (59.6k-69k), then up to circled 5",,,,,
409400e8fec5ec30,pr_tv-cryptoknee_20240428_btcusd#invalidation,tv-cryptoknee|BTCUSD|2024-04-28|1,pr_tv-cryptoknee_20240428_btcusd,MEDIUM,invalidation,Y,null,NOT_STATED,https://www.tradingview.com/chart/BTCUSD/2NnZOZkD-Bitcoin-walkiing-the-Elliott-Wave-Path/,,,,,,
409400e8fec5ec30,pr_tv-cryptoknee_20240428_btcusd#alternatives,tv-cryptoknee|BTCUSD|2024-04-28|1,pr_tv-cryptoknee_20240428_btcusd,MEDIUM,alternatives,N,[],,https://www.tradingview.com/chart/BTCUSD/2NnZOZkD-Bitcoin-walkiing-the-Elliott-Wave-Path/,,,,,,
409400e8fec5ec30,pr_tv-thefifthwave_20221203_spy#instrument,tv-thefifthwave|SPY|2022-12-03|1,pr_tv-thefifthwave_20221203_spy,MEDIUM,instrument,Y,"{""asShown"":""SPX500"",""vuSymbol"":""SPY"",""instrumentType"":""CFD"",""mappingQuality"":""PROXY_DIFFERENT_INSTRUMENT""}",AGREE,https://www.tradingview.com/chart/SPXUSD/6WgXCBAu-SPXUSD/,,,,,,
409400e8fec5ec30,pr_tv-thefifthwave_20221203_spy#timeframe,tv-thefifthwave|SPY|2022-12-03|1,pr_tv-thefifthwave_20221203_spy,MEDIUM,timeframe,Y,1D,AGREE,https://www.tradingview.com/chart/SPXUSD/6WgXCBAu-SPXUSD/,,,,,,
409400e8fec5ec30,pr_tv-thefifthwave_20221203_spy#publication.timestamp,tv-thefifthwave|SPY|2022-12-03|1,pr_tv-thefifthwave_20221203_spy,MEDIUM,publication.timestamp,N,2022-12-03T09:05:44+00:00,,https://www.tradingview.com/chart/SPXUSD/6WgXCBAu-SPXUSD/,,,,,,
409400e8fec5ec30,pr_tv-thefifthwave_20221203_spy#primary.pattern,tv-thefifthwave|SPY|2022-12-03|1,pr_tv-thefifthwave_20221203_spy,MEDIUM,primary.pattern,N,IMPULSE,,https://www.tradingview.com/chart/SPXUSD/6WgXCBAu-SPXUSD/,"[image 1, right half] A: circled 1 and 2 after C low, projected path with circled 3,4,5 up to 4626.6 | [image 1] B: ABC with circled 1-5 subwaves in 2022, then circled 1,2 after C low, projected 3,4,5",,,,,
409400e8fec5ec30,pr_tv-thefifthwave_20221203_spy#primary.family,tv-thefifthwave|SPY|2022-12-03|1,pr_tv-thefifthwave_20221203_spy,MEDIUM,primary.family,Y,MOTIVE,AGREE,https://www.tradingview.com/chart/SPXUSD/6WgXCBAu-SPXUSD/,"[image 1, right half] A: circled 1 and 2 after C low, projected path with circled 3,4,5 up to 4626.6 | [image 1] B: ABC with circled 1-5 subwaves in 2022, then circled 1,2 after C low, projected 3,4,5",,,,,
409400e8fec5ec30,pr_tv-thefifthwave_20221203_spy#primary.degree,tv-thefifthwave|SPY|2022-12-03|1,pr_tv-thefifthwave_20221203_spy,MEDIUM,primary.degree,N,"{""degreeLabel"":""((3))"",""degreeRank"":null}",,https://www.tradingview.com/chart/SPXUSD/6WgXCBAu-SPXUSD/,,,,,,
409400e8fec5ec30,pr_tv-thefifthwave_20221203_spy#primary.currentWave,tv-thefifthwave|SPY|2022-12-03|1,pr_tv-thefifthwave_20221203_spy,MEDIUM,primary.currentWave,Y,((3)),DISAGREE,https://www.tradingview.com/chart/SPXUSD/6WgXCBAu-SPXUSD/,[description sentence 2] A: author says the third wave from wave 1 is being completed | [description sentence 2] B: author says the third wave out of wave 1 is now being completed,,,,,
409400e8fec5ec30,pr_tv-thefifthwave_20221203_spy#primary.state,tv-thefifthwave|SPY|2022-12-03|1,pr_tv-thefifthwave_20221203_spy,MEDIUM,primary.state,N,DEVELOPING,,https://www.tradingview.com/chart/SPXUSD/6WgXCBAu-SPXUSD/,,,,,,
409400e8fec5ec30,pr_tv-thefifthwave_20221203_spy#directionalBias,tv-thefifthwave|SPY|2022-12-03|1,pr_tv-thefifthwave_20221203_spy,MEDIUM,directionalBias,Y,UP,AGREE,https://www.tradingview.com/chart/SPXUSD/6WgXCBAu-SPXUSD/,"[description sentence 1 + image 1] A: falling wave seen as over; long position box drawn | [description sentence 1; image 1] B: falling wave considered over; projected path up, idea direction flag long",,,,,
409400e8fec5ec30,pr_tv-thefifthwave_20221203_spy#primary.nextMoveAfterCurrent,tv-thefifthwave|SPY|2022-12-03|1,pr_tv-thefifthwave_20221203_spy,MEDIUM,primary.nextMoveAfterCurrent,N,DOWN,,https://www.tradingview.com/chart/SPXUSD/6WgXCBAu-SPXUSD/,,,,,,
409400e8fec5ec30,pr_tv-thefifthwave_20221203_spy#targetZones,tv-thefifthwave|SPY|2022-12-03|1,pr_tv-thefifthwave_20221203_spy,MEDIUM,targetZones,N,"[{""high"":4626.6,""label"":""green target of position box at projected circled 5"",""low"":4626.6}]",,https://www.tradingview.com/chart/SPXUSD/6WgXCBAu-SPXUSD/,"[image 1, green box top / axis label] A: 4626.6 at projected circled 5",,,,,
409400e8fec5ec30,pr_tv-thefifthwave_20221203_spy#invalidation,tv-thefifthwave|SPY|2022-12-03|1,pr_tv-thefifthwave_20221203_spy,MEDIUM,invalidation,Y,null,DISAGREE,https://www.tradingview.com/chart/SPXUSD/6WgXCBAu-SPXUSD/,,,,,,
409400e8fec5ec30,pr_tv-thefifthwave_20221203_spy#alternatives,tv-thefifthwave|SPY|2022-12-03|1,pr_tv-thefifthwave_20221203_spy,MEDIUM,alternatives,N,[],,https://www.tradingview.com/chart/SPXUSD/6WgXCBAu-SPXUSD/,,,,,,
409400e8fec5ec30,pr_tv-yuchaosng_20240322_btcusd#instrument,tv-yuchaosng|BTCUSD|2024-03-22|1,pr_tv-yuchaosng_20240322_btcusd,MEDIUM,instrument,Y,"{""asShown"":""BTCUSD"",""vuSymbol"":""BTCUSD"",""instrumentType"":""CRYPTO_SPOT"",""mappingQuality"":""EXACT""}",AGREE,https://www.tradingview.com/chart/BTCUSD/Ina5NJJc-BTC-short-Peak-reached-in-5-waves-structure/,,,,,,
409400e8fec5ec30,pr_tv-yuchaosng_20240322_btcusd#timeframe,tv-yuchaosng|BTCUSD|2024-03-22|1,pr_tv-yuchaosng_20240322_btcusd,MEDIUM,timeframe,Y,1D,AGREE,https://www.tradingview.com/chart/BTCUSD/Ina5NJJc-BTC-short-Peak-reached-in-5-waves-structure/,,,,,,
409400e8fec5ec30,pr_tv-yuchaosng_20240322_btcusd#publication.timestamp,tv-yuchaosng|BTCUSD|2024-03-22|1,pr_tv-yuchaosng_20240322_btcusd,MEDIUM,publication.timestamp,N,2024-03-22T06:55:53+00:00,,https://www.tradingview.com/chart/BTCUSD/Ina5NJJc-BTC-short-Peak-reached-in-5-waves-structure/,,,,,,
409400e8fec5ec30,pr_tv-yuchaosng_20240322_btcusd#primary.pattern,tv-yuchaosng|BTCUSD|2024-03-22|1,pr_tv-yuchaosng_20240322_btcusd,MEDIUM,primary.pattern,N,IMPULSE,,https://www.tradingview.com/chart/BTCUSD/Ina5NJJc-BTC-short-Peak-reached-in-5-waves-structure/,"[image 1, whole chart] A: Green (1) Jul-2023 ~31.8k, (2) Sep-2023 ~25k, (3) early Jan-2024 ~49k, (4) late Jan-2024 ~38.5k; purple (1)-(5) inside last leg. | [image 1 (snapshot)] B: green (1)-(4) and purple (1)-(5) labels, (5) at peak near 73785",,,,,
409400e8fec5ec30,pr_tv-yuchaosng_20240322_btcusd#primary.family,tv-yuchaosng|BTCUSD|2024-03-22|1,pr_tv-yuchaosng_20240322_btcusd,MEDIUM,primary.family,Y,MOTIVE,AGREE,https://www.tradingview.com/chart/BTCUSD/Ina5NJJc-BTC-short-Peak-reached-in-5-waves-structure/,"[image 1, whole chart] A: Green (1) Jul-2023 ~31.8k, (2) Sep-2023 ~25k, (3) early Jan-2024 ~49k, (4) late Jan-2024 ~38.5k; purple (1)-(5) inside last leg. | [image 1 (snapshot)] B: green (1)-(4) and purple (1)-(5) labels, (5) at peak near 73785",,,,,
409400e8fec5ec30,pr_tv-yuchaosng_20240322_btcusd#primary.degree,tv-yuchaosng|BTCUSD|2024-03-22|1,pr_tv-yuchaosng_20240322_btcusd,MEDIUM,primary.degree,N,"{""degreeLabel"":""(5)"",""degreeRank"":null}",,https://www.tradingview.com/chart/BTCUSD/Ina5NJJc-BTC-short-Peak-reached-in-5-waves-structure/,,,,,,
409400e8fec5ec30,pr_tv-yuchaosng_20240322_btcusd#primary.currentWave,tv-yuchaosng|BTCUSD|2024-03-22|1,pr_tv-yuchaosng_20240322_btcusd,MEDIUM,primary.currentWave,Y,null,NOT_STATED,https://www.tradingview.com/chart/BTCUSD/Ina5NJJc-BTC-short-Peak-reached-in-5-waves-structure/,,,,,,
409400e8fec5ec30,pr_tv-yuchaosng_20240322_btcusd#primary.state,tv-yuchaosng|BTCUSD|2024-03-22|1,pr_tv-yuchaosng_20240322_btcusd,MEDIUM,primary.state,N,UNKNOWN,,https://www.tradingview.com/chart/BTCUSD/Ina5NJJc-BTC-short-Peak-reached-in-5-waves-structure/,"[image 1 (snapshot), top right] A: Purple (5) label at the ~73.8k top coinciding with fib 1 (73785) just under green 3.618 (74594).",,,,,
409400e8fec5ec30,pr_tv-yuchaosng_20240322_btcusd#directionalBias,tv-yuchaosng|BTCUSD|2024-03-22|1,pr_tv-yuchaosng_20240322_btcusd,MEDIUM,directionalBias,Y,DOWN,AGREE,https://www.tradingview.com/chart/BTCUSD/Ina5NJJc-BTC-short-Peak-reached-in-5-waves-structure/,"[title + description] A: Title says short; text states the peak is already in based on 5 waves and two fib extensions. | [description + page metadata] B: title says short, peak made; idea direction flag = short",,,,,
409400e8fec5ec30,pr_tv-yuchaosng_20240322_btcusd#primary.nextMoveAfterCurrent,tv-yuchaosng|BTCUSD|2024-03-22|1,pr_tv-yuchaosng_20240322_btcusd,MEDIUM,primary.nextMoveAfterCurrent,N,UNKNOWN,,https://www.tradingview.com/chart/BTCUSD/Ina5NJJc-BTC-short-Peak-reached-in-5-waves-structure/,,,,,,
409400e8fec5ec30,pr_tv-yuchaosng_20240322_btcusd#targetZones,tv-yuchaosng|BTCUSD|2024-03-22|1,pr_tv-yuchaosng_20240322_btcusd,MEDIUM,targetZones,N,[],,https://www.tradingview.com/chart/BTCUSD/Ina5NJJc-BTC-short-Peak-reached-in-5-waves-structure/,,,,,,
409400e8fec5ec30,pr_tv-yuchaosng_20240322_btcusd#invalidation,tv-yuchaosng|BTCUSD|2024-03-22|1,pr_tv-yuchaosng_20240322_btcusd,MEDIUM,invalidation,Y,null,NOT_STATED,https://www.tradingview.com/chart/BTCUSD/Ina5NJJc-BTC-short-Peak-reached-in-5-waves-structure/,,,,,,
409400e8fec5ec30,pr_tv-yuchaosng_20240322_btcusd#alternatives,tv-yuchaosng|BTCUSD|2024-03-22|1,pr_tv-yuchaosng_20240322_btcusd,MEDIUM,alternatives,N,[],,https://www.tradingview.com/chart/BTCUSD/Ina5NJJc-BTC-short-Peak-reached-in-5-waves-structure/,,,,,,
409400e8fec5ec30,pr_ewf_20221025_qqq#instrument,ewf|QQQ|2022-10-25|1,pr_ewf_20221025_qqq,MEDIUM,instrument,Y,"{""asShown"":""QQQ"",""vuSymbol"":""QQQ"",""instrumentType"":""ETF"",""mappingQuality"":""EXACT""}",AGREE,https://elliottwave-forecast.com/stock-market/qqq-shows-bearish-sequence-from-2021-peak/,,,,,,
409400e8fec5ec30,pr_ewf_20221025_qqq#timeframe,ewf|QQQ|2022-10-25|1,pr_ewf_20221025_qqq,MEDIUM,timeframe,Y,1D,AGREE,https://elliottwave-forecast.com/stock-market/qqq-shows-bearish-sequence-from-2021-peak/,,,,,,
409400e8fec5ec30,pr_ewf_20221025_qqq#publication.timestamp,ewf|QQQ|2022-10-25|1,pr_ewf_20221025_qqq,MEDIUM,publication.timestamp,N,2022-10-25T03:43:32+00:00,,https://elliottwave-forecast.com/stock-market/qqq-shows-bearish-sequence-from-2021-peak/,,,,,,
409400e8fec5ec30,pr_ewf_20221025_qqq#primary.pattern,ewf|QQQ|2022-10-25|1,pr_ewf_20221025_qqq,MEDIUM,primary.pattern,N,WXY,,https://elliottwave-forecast.com/stock-market/qqq-shows-bearish-sequence-from-2021-peak/,[paragraph 3] A: Decline described as double three structure | [paragraph 2] B: decline called a double three with (W)(X)(Y) inside ((W)),,,,,
409400e8fec5ec30,pr_ewf_20221025_qqq#primary.family,ewf|QQQ|2022-10-25|1,pr_ewf_20221025_qqq,MEDIUM,primary.family,Y,CORRECTIVE,AGREE,https://elliottwave-forecast.com/stock-market/qqq-shows-bearish-sequence-from-2021-peak/,[paragraph 3] A: Decline described as double three structure | [paragraph 2] B: decline called a double three with (W)(X)(Y) inside ((W)),,,,,
409400e8fec5ec30,pr_ewf_20221025_qqq#primary.degree,ewf|QQQ|2022-10-25|1,pr_ewf_20221025_qqq,MEDIUM,primary.degree,N,"{""degreeLabel"":""((Y))"",""degreeRank"":null}",,https://elliottwave-forecast.com/stock-market/qqq-shows-bearish-sequence-from-2021-peak/,,,,,,
409400e8fec5ec30,pr_ewf_20221025_qqq#primary.currentWave,ewf|QQQ|2022-10-25|1,pr_ewf_20221025_qqq,MEDIUM,primary.currentWave,Y,((Y)),AGREE,https://elliottwave-forecast.com/stock-market/qqq-shows-bearish-sequence-from-2021-peak/,"[paragraph 3 / image 1] A: Text says ((Y)) in progress after ((X)) at 334.42 | [paragraph 2 / image 1] B: text says ((Y)) in progress after ((X)) top at 334.42; chart shows (A) done, (B) bounce, then path to blue box",,,,,
409400e8fec5ec30,pr_ewf_20221025_qqq#primary.state,ewf|QQQ|2022-10-25|1,pr_ewf_20221025_qqq,MEDIUM,primary.state,N,DEVELOPING,,https://elliottwave-forecast.com/stock-market/qqq-shows-bearish-sequence-from-2021-peak/,,,,,,
409400e8fec5ec30,pr_ewf_20221025_qqq#directionalBias,ewf|QQQ|2022-10-25|1,pr_ewf_20221025_qqq,MEDIUM,directionalBias,Y,DOWN,AGREE,https://elliottwave-forecast.com/stock-market/qqq-shows-bearish-sequence-from-2021-peak/,,,,,,
409400e8fec5ec30,pr_ewf_20221025_qqq#primary.nextMoveAfterCurrent,ewf|QQQ|2022-10-25|1,pr_ewf_20221025_qqq,MEDIUM,primary.nextMoveAfterCurrent,N,UP,,https://elliottwave-forecast.com/stock-market/qqq-shows-bearish-sequence-from-2021-peak/,,,,,,
409400e8fec5ec30,pr_ewf_20221025_qqq#targetZones,ewf|QQQ|2022-10-25|1,pr_ewf_20221025_qqq,MEDIUM,targetZones,N,"[{""high"":194.47,""label"":""Blue box, 100%-123.6% extension for ((Y)) / swing #7; buyers expected there"",""low"":161.56}]",,https://elliottwave-forecast.com/stock-market/qqq-shows-bearish-sequence-from-2021-peak/,"[paragraph 3 / image 1 blue box] A: 161-194 area; box labelled 1 (194.47) and 1.236 (161.56) | [image 1 blue box / paragraph 2] B: box 1.0 at 194.47 and 1.236 at 161.56",,,,,
409400e8fec5ec30,pr_ewf_20221025_qqq#invalidation,ewf|QQQ|2022-10-25|1,pr_ewf_20221025_qqq,MEDIUM,invalidation,Y,"{""basis"":""UNKNOWN"",""direction"":""above"",""price"":408.91}",AGREE,https://elliottwave-forecast.com/stock-market/qqq-shows-bearish-sequence-from-2021-peak/,[image 1] A: Red horizontal line labelled Invalidation level at 408.91,,,,,
409400e8fec5ec30,pr_ewf_20221025_qqq#alternatives,ewf|QQQ|2022-10-25|1,pr_ewf_20221025_qqq,MEDIUM,alternatives,N,[],,https://elliottwave-forecast.com/stock-market/qqq-shows-bearish-sequence-from-2021-peak/,,,,,,
409400e8fec5ec30,pr_ewf_20230923_mcd#instrument,ewf|MCD|2023-09-23|1,pr_ewf_20230923_mcd,MEDIUM,instrument,Y,"{""asShown"":""MCD"",""vuSymbol"":""MCD"",""instrumentType"":""STOCK"",""mappingQuality"":""EXACT""}",AGREE,https://elliottwave-forecast.com/stock-market/mcdonalds-mcd-buying-opportunities/,,,,,,
409400e8fec5ec30,pr_ewf_20230923_mcd#timeframe,ewf|MCD|2023-09-23|1,pr_ewf_20230923_mcd,MEDIUM,timeframe,Y,1W,AGREE,https://elliottwave-forecast.com/stock-market/mcdonalds-mcd-buying-opportunities/,,,,,,
409400e8fec5ec30,pr_ewf_20230923_mcd#publication.timestamp,ewf|MCD|2023-09-23|1,pr_ewf_20230923_mcd,MEDIUM,publication.timestamp,N,2023-09-23T23:43:50+00:00,,https://elliottwave-forecast.com/stock-market/mcdonalds-mcd-buying-opportunities/,,,,,,
409400e8fec5ec30,pr_ewf_20230923_mcd#primary.pattern,ewf|MCD|2023-09-23|1,pr_ewf_20230923_mcd,MEDIUM,primary.pattern,N,ZIGZAG,,https://elliottwave-forecast.com/stock-market/mcdonalds-mcd-buying-opportunities/,,,,,,
409400e8fec5ec30,pr_ewf_20230923_mcd#primary.family,ewf|MCD|2023-09-23|1,pr_ewf_20230923_mcd,MEDIUM,primary.family,Y,CORRECTIVE,DISAGREE,https://elliottwave-forecast.com/stock-market/mcdonalds-mcd-buying-opportunities/,,,,,,
409400e8fec5ec30,pr_ewf_20230923_mcd#primary.degree,ewf|MCD|2023-09-23|1,pr_ewf_20230923_mcd,MEDIUM,primary.degree,N,"{""degreeLabel"":""((C))"",""degreeRank"":null}",,https://elliottwave-forecast.com/stock-market/mcdonalds-mcd-buying-opportunities/,,,,,,
409400e8fec5ec30,pr_ewf_20230923_mcd#primary.currentWave,ewf|MCD|2023-09-23|1,pr_ewf_20230923_mcd,MEDIUM,primary.currentWave,Y,((C)),DISAGREE,https://elliottwave-forecast.com/stock-market/mcdonalds-mcd-buying-opportunities/,"[paragraph 4 / image 2] A: Text says ((C)) of II should continue lower; chart shows projected path to ((C)) II. | [paragraph 4 / image 2] B: Text and chart: wave II correction in progress, ((C)) of II projected lower with path into red II label.",,,,,
409400e8fec5ec30,pr_ewf_20230923_mcd#primary.state,ewf|MCD|2023-09-23|1,pr_ewf_20230923_mcd,MEDIUM,primary.state,N,DEVELOPING,,https://elliottwave-forecast.com/stock-market/mcdonalds-mcd-buying-opportunities/,,,,,,
409400e8fec5ec30,pr_ewf_20230923_mcd#directionalBias,ewf|MCD|2023-09-23|1,pr_ewf_20230923_mcd,MEDIUM,directionalBias,Y,DOWN,AGREE,https://elliottwave-forecast.com/stock-market/mcdonalds-mcd-buying-opportunities/,,,,,,
409400e8fec5ec30,pr_ewf_20230923_mcd#primary.nextMoveAfterCurrent,ewf|MCD|2023-09-23|1,pr_ewf_20230923_mcd,MEDIUM,primary.nextMoveAfterCurrent,N,UP,,https://elliottwave-forecast.com/stock-market/mcdonalds-mcd-buying-opportunities/,,,,,,
409400e8fec5ec30,pr_ewf_20230923_mcd#targetZones,ewf|MCD|2023-09-23|1,pr_ewf_20230923_mcd,MEDIUM,targetZones,N,"[{""high"":260.99,""label"":""((C)) of II target zone"",""low"":245.82},{""high"":300,""label"":""after II: rally above 300"",""low"":300}]",,https://elliottwave-forecast.com/stock-market/mcdonalds-mcd-buying-opportunities/,"[paragraph 4] A: Ending zone 260.99-245.82 stated for ((C)). | [paragraph 4] B: Zone 260.99-245.82 for end of ((C)), then resumption above 300.",,,,,
409400e8fec5ec30,pr_ewf_20230923_mcd#invalidation,ewf|MCD|2023-09-23|1,pr_ewf_20230923_mcd,MEDIUM,invalidation,Y,"{""basis"":""UNKNOWN"",""direction"":""below"",""price"":217.68}",AGREE,https://elliottwave-forecast.com/stock-market/mcdonalds-mcd-buying-opportunities/,"[paragraph 4 / image 2] A: View valid above 217.68; green line labelled invalidation level 217.68. | [paragraph 4 / image 2] B: View valid above 217.68; green line labelled Invalidation level 217.68.",,,,,
409400e8fec5ec30,pr_ewf_20230923_mcd#alternatives,ewf|MCD|2023-09-23|1,pr_ewf_20230923_mcd,MEDIUM,alternatives,N,"[{""currentWave"":""(2)"",""directionalBias"":""DOWN"",""note"":""Old nest count kept as alternative: wave (2) pullback after (1), valid above 259.51 then rally resumes; break below 259.51 favours primary wave II."",""pattern"":""IMPULSE"",""trigger"":259.51}]",,https://elliottwave-forecast.com/stock-market/mcdonalds-mcd-buying-opportunities/,"[paragraph 5 / image 3] A: Alternative (2) count, invalidation line 259.51.",,,,,
409400e8fec5ec30,pr_ewf_20240812_axp#instrument,ewf|AXP|2024-08-12|1,pr_ewf_20240812_axp,MEDIUM,instrument,Y,"{""asShown"":""AXP"",""vuSymbol"":""AXP"",""instrumentType"":""STOCK"",""mappingQuality"":""EXACT""}",AGREE,https://elliottwave-forecast.com/stock-market/last-buying-opportunity-axp/,,,,,,
409400e8fec5ec30,pr_ewf_20240812_axp#timeframe,ewf|AXP|2024-08-12|1,pr_ewf_20240812_axp,MEDIUM,timeframe,Y,1W,AGREE,https://elliottwave-forecast.com/stock-market/last-buying-opportunity-axp/,"[image 2 header] A: Chart header reads AXP, W (Dynamic); footer update date 08.12.2024.",,,,,
409400e8fec5ec30,pr_ewf_20240812_axp#publication.timestamp,ewf|AXP|2024-08-12|1,pr_ewf_20240812_axp,MEDIUM,publication.timestamp,N,2024-08-12T13:32:03+00:00,,https://elliottwave-forecast.com/stock-market/last-buying-opportunity-axp/,,,,,,
409400e8fec5ec30,pr_ewf_20240812_axp#primary.pattern,ewf|AXP|2024-08-12|1,pr_ewf_20240812_axp,MEDIUM,primary.pattern,N,IMPULSE,,https://elliottwave-forecast.com/stock-market/last-buying-opportunity-axp/,,,,,,
409400e8fec5ec30,pr_ewf_20240812_axp#primary.family,ewf|AXP|2024-08-12|1,pr_ewf_20240812_axp,MEDIUM,primary.family,Y,MOTIVE,AGREE,https://elliottwave-forecast.com/stock-market/last-buying-opportunity-axp/,,,,,,
409400e8fec5ec30,pr_ewf_20240812_axp#primary.degree,ewf|AXP|2024-08-12|1,pr_ewf_20240812_axp,MEDIUM,primary.degree,N,"{""degreeLabel"":""((5))"",""degreeRank"":3}",,https://elliottwave-forecast.com/stock-market/last-buying-opportunity-axp/,,,,,,
409400e8fec5ec30,pr_ewf_20240812_axp#primary.currentWave,ewf|AXP|2024-08-12|1,pr_ewf_20240812_axp,MEDIUM,primary.currentWave,Y,((5)),AGREE,https://elliottwave-forecast.com/stock-market/last-buying-opportunity-axp/,"[paragraph 2 (after image 2)] A: Author states market now trades in wave ((5)) higher after ((4)) retested the (4) low near 222.03. | [paragraph 3 / image 2] B: Text says market now in wave ((5)) higher; chart shows ((4)) labelled at last low with projected ((5)) up",,,,,
409400e8fec5ec30,pr_ewf_20240812_axp#primary.state,ewf|AXP|2024-08-12|1,pr_ewf_20240812_axp,MEDIUM,primary.state,N,DEVELOPING,,https://elliottwave-forecast.com/stock-market/last-buying-opportunity-axp/,,,,,,
409400e8fec5ec30,pr_ewf_20240812_axp#directionalBias,ewf|AXP|2024-08-12|1,pr_ewf_20240812_axp,MEDIUM,directionalBias,Y,UP,AGREE,https://elliottwave-forecast.com/stock-market/last-buying-opportunity-axp/,,,,,,
409400e8fec5ec30,pr_ewf_20240812_axp#primary.nextMoveAfterCurrent,ewf|AXP|2024-08-12|1,pr_ewf_20240812_axp,MEDIUM,primary.nextMoveAfterCurrent,N,DOWN,,https://elliottwave-forecast.com/stock-market/last-buying-opportunity-axp/,"[image 2 right side / paragraph 2] A: Dashed projected path shows IV as ((A))((B))((C)) after III peak; text says large correction in IV may begin.",,,,,
409400e8fec5ec30,pr_ewf_20240812_axp#targetZones,ewf|AXP|2024-08-12|1,pr_ewf_20240812_axp,MEDIUM,targetZones,N,"[{""high"":277.31,""label"":""((5)) of III, 1.236-1.618 ext"",""low"":264.28}]",,https://elliottwave-forecast.com/stock-market/last-buying-opportunity-axp/,"[image 2, top right / paragraph 2] A: 1.236 (264.28) and 1.618 (277.31) lines drawn; text names the same area for ((5)) of III. | [image 2 top right / paragraph 3] B: Fib lines 1.236 (264.28) and 1.618 (277.31) bracket the ((5)) / III label",,,,,
409400e8fec5ec30,pr_ewf_20240812_axp#invalidation,ewf|AXP|2024-08-12|1,pr_ewf_20240812_axp,MEDIUM,invalidation,Y,"{""basis"":""UNKNOWN"",""direction"":""below"",""price"":130.43}",AGREE,https://elliottwave-forecast.com/stock-market/last-buying-opportunity-axp/,"[image 2, green line] A: Green horizontal line labelled Invalidation Level 130.43 with Right Side up tag. | [image 2 green line] B: Line labelled Invalidation Level 130.43 from wave II low, Right Side up tag",,,,,
409400e8fec5ec30,pr_ewf_20240812_axp#alternatives,ewf|AXP|2024-08-12|1,pr_ewf_20240812_axp,MEDIUM,alternatives,N,[],,https://elliottwave-forecast.com/stock-market/last-buying-opportunity-axp/,,,,,,
409400e8fec5ec30,pr_ewf_20230613_phm#instrument,ewf|PHM|2023-06-13|1,pr_ewf_20230613_phm,MEDIUM,instrument,Y,"{""asShown"":""PHM"",""vuSymbol"":""PHM"",""instrumentType"":""STOCK"",""mappingQuality"":""EXACT""}",AGREE,https://elliottwave-forecast.com/stock-market/pultegroup-phm-real-estate/,,,,,,
409400e8fec5ec30,pr_ewf_20230613_phm#timeframe,ewf|PHM|2023-06-13|1,pr_ewf_20230613_phm,MEDIUM,timeframe,Y,1W,AGREE,https://elliottwave-forecast.com/stock-market/pultegroup-phm-real-estate/,,,,,,
409400e8fec5ec30,pr_ewf_20230613_phm#publication.timestamp,ewf|PHM|2023-06-13|1,pr_ewf_20230613_phm,MEDIUM,publication.timestamp,N,2023-06-13T10:29:08+00:00,,https://elliottwave-forecast.com/stock-market/pultegroup-phm-real-estate/,,,,,,
409400e8fec5ec30,pr_ewf_20230613_phm#primary.pattern,ewf|PHM|2023-06-13|1,pr_ewf_20230613_phm,MEDIUM,primary.pattern,N,IMPULSE,,https://elliottwave-forecast.com/stock-market/pultegroup-phm-real-estate/,,,,,,
409400e8fec5ec30,pr_ewf_20230613_phm#primary.family,ewf|PHM|2023-06-13|1,pr_ewf_20230613_phm,MEDIUM,primary.family,Y,MOTIVE,AGREE,https://elliottwave-forecast.com/stock-market/pultegroup-phm-real-estate/,,,,,,
409400e8fec5ec30,pr_ewf_20230613_phm#primary.degree,ewf|PHM|2023-06-13|1,pr_ewf_20230613_phm,MEDIUM,primary.degree,N,"{""degreeLabel"":""((3))"",""degreeRank"":null}",,https://elliottwave-forecast.com/stock-market/pultegroup-phm-real-estate/,,,,,,
409400e8fec5ec30,pr_ewf_20230613_phm#primary.currentWave,ewf|PHM|2023-06-13|1,pr_ewf_20230613_phm,MEDIUM,primary.currentWave,Y,((3)),AGREE,https://elliottwave-forecast.com/stock-market/pultegroup-phm-real-estate/,"[image 1 (weekly chart)] A: Projected ((3)) label just above last bar near 77, then ((4)) near 66; price 72.90 below projected ((3)) top | [image 1, right side] B: ((1)),((2)) labelled after II; price at 72.90 just below projected ((3)) marker ~77, path then ((4)),((5))=III",,,,,
409400e8fec5ec30,pr_ewf_20230613_phm#primary.state,ewf|PHM|2023-06-13|1,pr_ewf_20230613_phm,MEDIUM,primary.state,N,DEVELOPING,,https://elliottwave-forecast.com/stock-market/pultegroup-phm-real-estate/,,,,,,
409400e8fec5ec30,pr_ewf_20230613_phm#directionalBias,ewf|PHM|2023-06-13|1,pr_ewf_20230613_phm,MEDIUM,directionalBias,Y,UP,AGREE,https://elliottwave-forecast.com/stock-market/pultegroup-phm-real-estate/,"[paragraph 3] A: Author says stock in strongest wave (III), can extend; buy daily pullbacks",,,,,
409400e8fec5ec30,pr_ewf_20230613_phm#primary.nextMoveAfterCurrent,ewf|PHM|2023-06-13|1,pr_ewf_20230613_phm,MEDIUM,primary.nextMoveAfterCurrent,N,DOWN,,https://elliottwave-forecast.com/stock-market/pultegroup-phm-real-estate/,,,,,,
409400e8fec5ec30,pr_ewf_20230613_phm#targetZones,ewf|PHM|2023-06-13|1,pr_ewf_20230613_phm,MEDIUM,targetZones,N,"[{""high"":110.61,""label"":""Equal legs 1.0-1.618 extension from 2020 cycle (text: 81-110)"",""low"":81.71}]",,https://elliottwave-forecast.com/stock-market/pultegroup-phm-real-estate/,"[image 1 fib lines; paragraph 2] A: 1 (81.71) and 1.618 (110.61) lines; text names equal legs 81-110 | [image 1 fib lines + paragraph 2] B: 1 (81.71) and 1.618 (110.61) lines; text cites equal legs $81-$110",,,,,
409400e8fec5ec30,pr_ewf_20230613_phm#invalidation,ewf|PHM|2023-06-13|1,pr_ewf_20230613_phm,MEDIUM,invalidation,Y,"{""basis"":""UNKNOWN"",""direction"":""below"",""price"":35.02}",AGREE,https://elliottwave-forecast.com/stock-market/pultegroup-phm-real-estate/,"[image 1, green line] A: Green horizontal labelled Invalidation Level at 35.02 with Right Side up marker | [image 1, green horizontal line] B: line labelled Invalidation Level at 35.02 with 'Right Side' up marker",,,,,
409400e8fec5ec30,pr_ewf_20230613_phm#alternatives,ewf|PHM|2023-06-13|1,pr_ewf_20230613_phm,MEDIUM,alternatives,N,[],,https://elliottwave-forecast.com/stock-market/pultegroup-phm-real-estate/,,,,,,
409400e8fec5ec30,pr_ewf_20231205_coin#instrument,ewf|COIN|2023-12-05|1,pr_ewf_20231205_coin,MEDIUM,instrument,Y,"{""asShown"":""COIN"",""vuSymbol"":""COIN"",""instrumentType"":""STOCK"",""mappingQuality"":""EXACT""}",AGREE,https://elliottwave-forecast.com/stock-market/coinbase-coin-bullish-cycle/,,,,,,
409400e8fec5ec30,pr_ewf_20231205_coin#timeframe,ewf|COIN|2023-12-05|1,pr_ewf_20231205_coin,MEDIUM,timeframe,Y,1W,AGREE,https://elliottwave-forecast.com/stock-market/coinbase-coin-bullish-cycle/,,,,,,
409400e8fec5ec30,pr_ewf_20231205_coin#publication.timestamp,ewf|COIN|2023-12-05|1,pr_ewf_20231205_coin,MEDIUM,publication.timestamp,N,2023-12-05T11:03:02+00:00,,https://elliottwave-forecast.com/stock-market/coinbase-coin-bullish-cycle/,,,,,,
409400e8fec5ec30,pr_ewf_20231205_coin#primary.pattern,ewf|COIN|2023-12-05|1,pr_ewf_20231205_coin,MEDIUM,primary.pattern,N,IMPULSE,,https://elliottwave-forecast.com/stock-market/coinbase-coin-bullish-cycle/,,,,,,
409400e8fec5ec30,pr_ewf_20231205_coin#primary.family,ewf|COIN|2023-12-05|1,pr_ewf_20231205_coin,MEDIUM,primary.family,Y,MOTIVE,AGREE,https://elliottwave-forecast.com/stock-market/coinbase-coin-bullish-cycle/,,,,,,
409400e8fec5ec30,pr_ewf_20231205_coin#primary.degree,ewf|COIN|2023-12-05|1,pr_ewf_20231205_coin,MEDIUM,primary.degree,N,"{""degreeLabel"":""(3)"",""degreeRank"":null}",,https://elliottwave-forecast.com/stock-market/coinbase-coin-bullish-cycle/,,,,,,
409400e8fec5ec30,pr_ewf_20231205_coin#primary.currentWave,ewf|COIN|2023-12-05|1,pr_ewf_20231205_coin,MEDIUM,primary.currentWave,Y,(3),AGREE,https://elliottwave-forecast.com/stock-market/coinbase-coin-bullish-cycle/,"[image 1, right edge] A: last bars below projected (3) label; path (3)-(4)-(5)=((3)), ((4)), ((5))=I, then II | [image 1] B: blue (1),(2) labelled on bars; projected path (3),(4),(5) of ((3)), then ((4)),((5)) = I, then II; last bar 141.09 before (3) label",,,,,
409400e8fec5ec30,pr_ewf_20231205_coin#primary.state,ewf|COIN|2023-12-05|1,pr_ewf_20231205_coin,MEDIUM,primary.state,N,DEVELOPING,,https://elliottwave-forecast.com/stock-market/coinbase-coin-bullish-cycle/,,,,,,
409400e8fec5ec30,pr_ewf_20231205_coin#directionalBias,ewf|COIN|2023-12-05|1,pr_ewf_20231205_coin,MEDIUM,directionalBias,Y,UP,AGREE,https://elliottwave-forecast.com/stock-market/coinbase-coin-bullish-cycle/,"[image 1 'Turning Up' tag; final paragraph] A: bullish, buy pullbacks, start of wave (III)",,,,,
409400e8fec5ec30,pr_ewf_20231205_coin#primary.nextMoveAfterCurrent,ewf|COIN|2023-12-05|1,pr_ewf_20231205_coin,MEDIUM,primary.nextMoveAfterCurrent,N,DOWN,,https://elliottwave-forecast.com/stock-market/coinbase-coin-bullish-cycle/,,,,,,
409400e8fec5ec30,pr_ewf_20231205_coin#targetZones,ewf|COIN|2023-12-05|1,pr_ewf_20231205_coin,MEDIUM,targetZones,N,[],,https://elliottwave-forecast.com/stock-market/coinbase-coin-bullish-cycle/,,,,,,
409400e8fec5ec30,pr_ewf_20231205_coin#invalidation,ewf|COIN|2023-12-05|1,pr_ewf_20231205_coin,MEDIUM,invalidation,Y,"{""basis"":""UNKNOWN"",""direction"":""below"",""price"":31.55}",AGREE,https://elliottwave-forecast.com/stock-market/coinbase-coin-bullish-cycle/,"[image 1, horizontal line] A: line at 31.55 labelled Invalidation Level | [image 1, horizontal line] B: line at 31.55 labelled Invalidation Level",,,,,
409400e8fec5ec30,pr_ewf_20231205_coin#alternatives,ewf|COIN|2023-12-05|1,pr_ewf_20231205_coin,MEDIUM,alternatives,N,"[{""currentWave"":""((1))"",""directionalBias"":""DOWN"",""note"":""Text option 2: 12-month rally already 5 waves = ((1)) near end; ((2)) pullback in 3/7/11 swings follows, then ((3)) up. Not drawn on chart."",""pattern"":""IMPULSE"",""trigger"":null}]",,https://elliottwave-forecast.com/stock-market/coinbase-coin-bullish-cycle/,"[paragraph 2-4] A: two options listed; first = extended wave I with nesting, second = rally ends as ((1))",,,,,
409400e8fec5ec30,pr_ewf_20230102_dis#instrument,ewf|DIS|2023-01-02|1,pr_ewf_20230102_dis,MEDIUM,instrument,Y,"{""asShown"":""DIS"",""vuSymbol"":""DIS"",""instrumentType"":""STOCK"",""mappingQuality"":""EXACT""}",AGREE,https://elliottwave-forecast.com/stock-market/disney-dis-opportunity-long-term-buying/,,,,,,
409400e8fec5ec30,pr_ewf_20230102_dis#timeframe,ewf|DIS|2023-01-02|1,pr_ewf_20230102_dis,MEDIUM,timeframe,Y,1W,DISAGREE,https://elliottwave-forecast.com/stock-market/disney-dis-opportunity-long-term-buying/,,,,,,
409400e8fec5ec30,pr_ewf_20230102_dis#publication.timestamp,ewf|DIS|2023-01-02|1,pr_ewf_20230102_dis,MEDIUM,publication.timestamp,N,2023-01-02T16:03:05+00:00,,https://elliottwave-forecast.com/stock-market/disney-dis-opportunity-long-term-buying/,,,,,,
409400e8fec5ec30,pr_ewf_20230102_dis#primary.pattern,ewf|DIS|2023-01-02|1,pr_ewf_20230102_dis,MEDIUM,primary.pattern,N,ZIGZAG,,https://elliottwave-forecast.com/stock-market/disney-dis-opportunity-long-term-buying/,,,,,,
409400e8fec5ec30,pr_ewf_20230102_dis#primary.family,ewf|DIS|2023-01-02|1,pr_ewf_20230102_dis,MEDIUM,primary.family,Y,CORRECTIVE,AGREE,https://elliottwave-forecast.com/stock-market/disney-dis-opportunity-long-term-buying/,,,,,,
409400e8fec5ec30,pr_ewf_20230102_dis#primary.degree,ewf|DIS|2023-01-02|1,pr_ewf_20230102_dis,MEDIUM,primary.degree,N,"{""degreeLabel"":""c"",""degreeRank"":null}",,https://elliottwave-forecast.com/stock-market/disney-dis-opportunity-long-term-buying/,,,,,,
409400e8fec5ec30,pr_ewf_20230102_dis#primary.currentWave,ewf|DIS|2023-01-02|1,pr_ewf_20230102_dis,MEDIUM,primary.currentWave,Y,c,AGREE,https://elliottwave-forecast.com/stock-market/disney-dis-opportunity-long-term-buying/,"[image 3 (weekly) / paragraph under weekly chart] A: Text: zigzag 5-3-5 to finish (y) and ((II)); chart shows a,b done and c projected with ((1)),((2)) marked, path ((3))-((5)) into box | [image 3 / paragraph weekly] B: a-b-c in red, b at 126.55, projected ((3))-((4))-((5)) path down to c/(y)/((II)) in blue box",,,,,
409400e8fec5ec30,pr_ewf_20230102_dis#primary.state,ewf|DIS|2023-01-02|1,pr_ewf_20230102_dis,MEDIUM,primary.state,N,DEVELOPING,,https://elliottwave-forecast.com/stock-market/disney-dis-opportunity-long-term-buying/,,,,,,
409400e8fec5ec30,pr_ewf_20230102_dis#directionalBias,ewf|DIS|2023-01-02|1,pr_ewf_20230102_dis,MEDIUM,directionalBias,Y,DOWN,AGREE,https://elliottwave-forecast.com/stock-market/disney-dis-opportunity-long-term-buying/,[paragraph under quarterly chart] A: Author says ((II)) still looks incomplete and needs more downside,,,,,
409400e8fec5ec30,pr_ewf_20230102_dis#primary.nextMoveAfterCurrent,ewf|DIS|2023-01-02|1,pr_ewf_20230102_dis,MEDIUM,primary.nextMoveAfterCurrent,N,UP,,https://elliottwave-forecast.com/stock-market/disney-dis-opportunity-long-term-buying/,"[image 3 / last paragraph] A: Projected path rallies from blue box; long-term buying opportunity",,,,,
409400e8fec5ec30,pr_ewf_20230102_dis#targetZones,ewf|DIS|2023-01-02|1,pr_ewf_20230102_dis,MEDIUM,targetZones,N,"[{""high"":59.05,""label"":""target of bearish c wave / end of ((II))"",""low"":43.07}]",,https://elliottwave-forecast.com/stock-market/disney-dis-opportunity-long-term-buying/,"[image 3 / last paragraph] A: Blue box 59.05 (1.0) to 43.07 (1.236); next level 35.85 if broken | [image 3 / final paragraph] B: blue box 1 (59.05) to 1.236 (43.07); 35.85 next level if broken",,,,,
409400e8fec5ec30,pr_ewf_20230102_dis#invalidation,ewf|DIS|2023-01-02|1,pr_ewf_20230102_dis,MEDIUM,invalidation,Y,"{""basis"":""UNKNOWN"",""direction"":""above"",""price"":126.55}",AGREE,https://elliottwave-forecast.com/stock-market/disney-dis-opportunity-long-term-buying/,[image 3] A: Red line at 126.55 labelled Invalidation Level with red Right Side down tag | [image 3] B: red line at 126.55 labelled Invalidation Level with Right Side down tag,,,,,
409400e8fec5ec30,pr_ewf_20230102_dis#alternatives,ewf|DIS|2023-01-02|1,pr_ewf_20230102_dis,MEDIUM,alternatives,N,[],,https://elliottwave-forecast.com/stock-market/disney-dis-opportunity-long-term-buying/,,,,,,
409400e8fec5ec30,pr_tv-cryptoknee_20221206_spy#instrument,tv-cryptoknee|SPY|2022-12-06|1,pr_tv-cryptoknee_20221206_spy,MEDIUM,instrument,Y,"{""asShown"":""SPX"",""vuSymbol"":""SPY"",""instrumentType"":""INDEX_CASH"",""mappingQuality"":""PROXY_DIFFERENT_INSTRUMENT""}",AGREE,https://www.tradingview.com/chart/SPX/f4pccgZV-SPX-hide-you-kids-hide-yo-wife/,,,,,,
409400e8fec5ec30,pr_tv-cryptoknee_20221206_spy#timeframe,tv-cryptoknee|SPY|2022-12-06|1,pr_tv-cryptoknee_20221206_spy,MEDIUM,timeframe,Y,1D,AGREE,https://www.tradingview.com/chart/SPX/f4pccgZV-SPX-hide-you-kids-hide-yo-wife/,,,,,,
409400e8fec5ec30,pr_tv-cryptoknee_20221206_spy#publication.timestamp,tv-cryptoknee|SPY|2022-12-06|1,pr_tv-cryptoknee_20221206_spy,MEDIUM,publication.timestamp,N,2022-12-06T23:48:17+00:00,,https://www.tradingview.com/chart/SPX/f4pccgZV-SPX-hide-you-kids-hide-yo-wife/,,,,,,
409400e8fec5ec30,pr_tv-cryptoknee_20221206_spy#primary.pattern,tv-cryptoknee|SPY|2022-12-06|1,pr_tv-cryptoknee_20221206_spy,MEDIUM,primary.pattern,N,IMPULSE,,https://www.tradingview.com/chart/SPX/f4pccgZV-SPX-hide-you-kids-hide-yo-wife/,,,,,,
409400e8fec5ec30,pr_tv-cryptoknee_20221206_spy#primary.family,tv-cryptoknee|SPY|2022-12-06|1,pr_tv-cryptoknee_20221206_spy,MEDIUM,primary.family,Y,MOTIVE,DISAGREE,https://www.tradingview.com/chart/SPX/f4pccgZV-SPX-hide-you-kids-hide-yo-wife/,,,,,,
409400e8fec5ec30,pr_tv-cryptoknee_20221206_spy#primary.degree,tv-cryptoknee|SPY|2022-12-06|1,pr_tv-cryptoknee_20221206_spy,MEDIUM,primary.degree,N,"{""degreeLabel"":""3"",""degreeRank"":null}",,https://www.tradingview.com/chart/SPX/f4pccgZV-SPX-hide-you-kids-hide-yo-wife/,,,,,,
409400e8fec5ec30,pr_tv-cryptoknee_20221206_spy#primary.currentWave,tv-cryptoknee|SPY|2022-12-06|1,pr_tv-cryptoknee_20221206_spy,MEDIUM,primary.currentWave,Y,3,DISAGREE,https://www.tradingview.com/chart/SPX/f4pccgZV-SPX-hide-you-kids-hide-yo-wife/,"[image 1, green numerals right of last candles] A: green 1 and 2 placed at recent highs, 3/4/5 projected ahead to the right | [image 1, right half] B: circled B above circled 5 at ~4100; green 1/2 near top, projected green 3,4,5 below; red arrow down",,,,,
409400e8fec5ec30,pr_tv-cryptoknee_20221206_spy#primary.state,tv-cryptoknee|SPY|2022-12-06|1,pr_tv-cryptoknee_20221206_spy,MEDIUM,primary.state,N,DEVELOPING,,https://www.tradingview.com/chart/SPX/f4pccgZV-SPX-hide-you-kids-hide-yo-wife/,,,,,,
409400e8fec5ec30,pr_tv-cryptoknee_20221206_spy#directionalBias,tv-cryptoknee|SPY|2022-12-06|1,pr_tv-cryptoknee_20221206_spy,MEDIUM,directionalBias,Y,DOWN,AGREE,https://www.tradingview.com/chart/SPX/f4pccgZV-SPX-hide-you-kids-hide-yo-wife/,,,,,,
409400e8fec5ec30,pr_tv-cryptoknee_20221206_spy#primary.nextMoveAfterCurrent,tv-cryptoknee|SPY|2022-12-06|1,pr_tv-cryptoknee_20221206_spy,MEDIUM,primary.nextMoveAfterCurrent,N,UP,,https://www.tradingview.com/chart/SPX/f4pccgZV-SPX-hide-you-kids-hide-yo-wife/,,,,,,
409400e8fec5ec30,pr_tv-cryptoknee_20221206_spy#targetZones,tv-cryptoknee|SPY|2022-12-06|1,pr_tv-cryptoknee_20221206_spy,MEDIUM,targetZones,N,"[{""high"":3855,""label"":""gap box, green wave 5 projection"",""low"":3820},{""high"":3380,""label"":""red arrow end (~Feb 2023), approx. read"",""low"":3340}]",,https://www.tradingview.com/chart/SPX/f4pccgZV-SPX-hide-you-kids-hide-yo-wife/,"[image 1, Gap box and red arrow] A: gap ~3820-3855, arrow end ~3360",,,,,
409400e8fec5ec30,pr_tv-cryptoknee_20221206_spy#invalidation,tv-cryptoknee|SPY|2022-12-06|1,pr_tv-cryptoknee_20221206_spy,MEDIUM,invalidation,Y,"{""basis"":""UNKNOWN"",""direction"":""above"",""price"":4027.09}",AGREE,https://www.tradingview.com/chart/SPX/f4pccgZV-SPX-hide-you-kids-hide-yo-wife/,"[image 1, dashed white line labelled Impulse Inval] A: level 4027.09 on axis | [image 1, white dashed line] B: dashed line at 4027.09 labelled Impulse Inval",,,,,
409400e8fec5ec30,pr_tv-cryptoknee_20221206_spy#alternatives,tv-cryptoknee|SPY|2022-12-06|1,pr_tv-cryptoknee_20221206_spy,MEDIUM,alternatives,N,"[{""currentWave"":null,""directionalBias"":""UP"",""note"":""dashed line 'Impulse Inval' at 4027.09: above it the bearish green impulse is invalid; text also asks whether this is only a dip"",""pattern"":""UNKNOWN"",""trigger"":4027.09},{""currentWave"":null,""directionalBias"":""UP"",""note"":""top dashed line ~4325 'Impulse Inval/complete' (axis label partly hidden), meaning unclear"",""pattern"":""UNKNOWN"",""trigger"":null}]",,https://www.tradingview.com/chart/SPX/f4pccgZV-SPX-hide-you-kids-hide-yo-wife/,,,,,,
