tickers,companyId,ledgerNews,latestLedgerNews,engineExportNews,policyAllowedNews,consumerNews,productionNews,v1InitiallyVisibleNews,v1RenderedNewsIncludingArchive,v1RendererOmittedNews,v2InitiallyVisibleNews,v2RenderedNewsIncludingArchive,v2RendererOmittedUniqueNews,germanProfile,financials,staleFinancials,whatChanged,v2PrimaryIntelligenceVisible,v2ProductionCasesPassed,lossReasons
ACU,iss_cik_0000002098,0,,0,0,0,0,0,0,0,0,0,0,True,UNAVAILABLE,True,0,False,8,"{""class"":""DATA_DOES_NOT_EXIST"",""stage"":""PRIVATE_LEDGER_NEWS"",""count"":0}"
AMD,iss_cik_0000002488,10,2026-09-28T20:05:00Z,10,10,10,10,1,6,4,3,10,0,True,AVAILABLE,False,9,True,8,
AFL,iss_cik_0000004977,10,2026-09-30T20:05:00Z,10,10,10,10,4,9,1,3,10,0,True,AVAILABLE,False,5,True,8,
CHE,iss_cik_0000019584,10,2026-10-01T13:00:00Z,10,10,10,10,3,8,2,3,10,0,False,AVAILABLE,False,8,True,8,
JPM,iss_cik_0000019617,0,,0,0,0,0,0,0,0,0,0,0,False,AVAILABLE,False,3,True,8,"{""class"":""DATA_DOES_NOT_EXIST"",""stage"":""PRIVATE_LEDGER_NEWS"",""count"":0}"
TGT,iss_cik_0000027419,0,,0,0,0,0,0,0,0,0,0,0,True,AVAILABLE,False,8,False,8,"{""class"":""DATA_DOES_NOT_EXIST"",""stage"":""PRIVATE_LEDGER_NEWS"",""count"":0}"
BOH,iss_cik_0000046195,9,2026-10-02T20:02:00Z,9,9,4,4,1,4,0,2,4,0,True,AVAILABLE,False,4,True,8,"{""class"":""DATA_EXISTS_BUT_IS_NOT_EXPORTED"",""stage"":""APPROVED_CONSUMER_PROJECTION"",""count"":5,""reason"":""DETERMINISTIC_180_DAY_RETENTION"",""verifiedOlderThanRetention"":5}"
BAC,iss_cik_0000070858,1,2026-10-06T12:00:00Z,1,0,0,0,0,0,0,0,0,0,False,AVAILABLE,False,6,False,8,"{""class"":""DATA_EXISTS_BUT_IS_FILTERED"",""stage"":""SOURCE_USAGE"",""count"":1,""reasons"":{""UNAPPROVED_PUBLISHER"":1},""reason"":""SOURCE_POLICY_EXCLUSION; not a transport defect""}"
AOS,iss_cik_0000091142,10,2026-10-02T13:00:00Z,10,10,8,8,1,6,2,3,8,0,True,AVAILABLE,False,8,True,8,"{""class"":""DATA_EXISTS_BUT_IS_NOT_EXPORTED"",""stage"":""APPROVED_CONSUMER_PROJECTION"",""count"":2,""reason"":""DETERMINISTIC_180_DAY_RETENTION"",""verifiedOlderThanRetention"":2}"
AAPL,iss_cik_0000320193,20,,20,20,20,20,0,0,20,0,20,0,True,AVAILABLE,False,9,True,8,
SBSI,iss_cik_0000705432,10,2026-08-06T20:30:00Z,10,10,6,6,0,5,1,3,6,0,True,AVAILABLE,False,4,True,8,"{""class"":""DATA_EXISTS_BUT_IS_NOT_EXPORTED"",""stage"":""APPROVED_CONSUMER_PROJECTION"",""count"":4,""reason"":""DETERMINISTIC_180_DAY_RETENTION"",""verifiedOlderThanRetention"":4}"
PNC,iss_cik_0000713676,0,,0,0,0,0,0,0,0,0,0,0,True,AVAILABLE,False,5,False,8,"{""class"":""DATA_DOES_NOT_EXIST"",""stage"":""PRIVATE_LEDGER_NEWS"",""count"":0}"
CAC,iss_cik_0000750686,10,2026-10-01T17:00:00Z,10,10,6,6,2,6,0,3,6,0,False,AVAILABLE,False,6,True,8,"{""class"":""DATA_EXISTS_BUT_IS_NOT_EXPORTED"",""stage"":""APPROVED_CONSUMER_PROJECTION"",""count"":4,""reason"":""DETERMINISTIC_180_DAY_RETENTION"",""verifiedOlderThanRetention"":4}"
HNRG,iss_cik_0000788965,10,2026-09-17T12:00:00Z,10,10,7,7,1,6,1,3,7,0,True,AVAILABLE,False,8,True,8,"{""class"":""DATA_EXISTS_BUT_IS_NOT_EXPORTED"",""stage"":""APPROVED_CONSUMER_PROJECTION"",""count"":3,""reason"":""DETERMINISTIC_180_DAY_RETENTION"",""verifiedOlderThanRetention"":3}"
MSFT,iss_cik_0000789019,0,,0,0,0,0,0,0,0,0,0,0,True,AVAILABLE,False,9,True,8,"{""class"":""DATA_DOES_NOT_EXIST"",""stage"":""PRIVATE_LEDGER_NEWS"",""count"":0}"
QCOM,iss_cik_0000804328,1,2026-10-05T11:29:00Z,1,0,0,0,0,0,0,0,0,0,True,AVAILABLE,False,9,False,8,"{""class"":""DATA_EXISTS_BUT_IS_FILTERED"",""stage"":""SOURCE_USAGE"",""count"":1,""reasons"":{""UNAPPROVED_PUBLISHER"":1},""reason"":""SOURCE_POLICY_EXCLUSION; not a transport defect""}"
GS,iss_cik_0000886982,0,,0,0,0,0,0,0,0,0,0,0,False,AVAILABLE,False,5,False,8,"{""class"":""DATA_DOES_NOT_EXIST"",""stage"":""PRIVATE_LEDGER_NEWS"",""count"":0}"
MS,iss_cik_0000895421,0,,0,0,0,0,0,0,0,0,0,0,False,AVAILABLE,False,4,False,8,"{""class"":""DATA_DOES_NOT_EXIST"",""stage"":""PRIVATE_LEDGER_NEWS"",""count"":0}"
TK,iss_cik_0000911971,6,2026-08-01T19:56:36Z,6,6,6,6,0,5,1,3,6,0,False,AVAILABLE,True,2,True,8,
AMZN,iss_cik_0001018724,0,,0,0,0,0,0,0,0,0,0,0,True,AVAILABLE,False,9,False,8,"{""class"":""DATA_DOES_NOT_EXIST"",""stage"":""PRIVATE_LEDGER_NEWS"",""count"":0}"
NVDA,iss_cik_0001045810,14,2026-10-06T13:00:00Z,14,10,10,10,4,8,2,3,10,0,True,AVAILABLE,False,8,True,8,"{""class"":""DATA_EXISTS_BUT_IS_FILTERED"",""stage"":""SOURCE_USAGE"",""count"":4,""reasons"":{""UNAPPROVED_PUBLISHER"":4},""reason"":""SOURCE_POLICY_EXCLUSION; not a transport defect""}"
MET,iss_cik_0001099219,0,,0,0,0,0,0,0,0,0,0,0,False,AVAILABLE,False,6,False,8,"{""class"":""DATA_DOES_NOT_EXIST"",""stage"":""PRIVATE_LEDGER_NEWS"",""count"":0}"
CRM,iss_cik_0001108524,0,,0,0,0,0,0,0,0,0,0,0,False,AVAILABLE,False,9,False,8,"{""class"":""DATA_DOES_NOT_EXIST"",""stage"":""PRIVATE_LEDGER_NEWS"",""count"":0}"
ONCY,iss_cik_0001129928,19,2026-09-29T13:30:00Z,19,19,11,11,3,8,3,3,11,0,True,AVAILABLE,False,3,True,8,"{""class"":""DATA_EXISTS_BUT_IS_NOT_EXPORTED"",""stage"":""APPROVED_CONSUMER_PROJECTION"",""count"":8,""reason"":""DETERMINISTIC_180_DAY_RETENTION"",""verifiedOlderThanRetention"":8}"
TSLA,iss_cik_0001318605,1,2026-10-01T14:13:00Z,1,0,0,0,0,0,0,0,0,0,True,AVAILABLE,False,9,False,8,"{""class"":""DATA_EXISTS_BUT_IS_FILTERED"",""stage"":""SOURCE_USAGE"",""count"":1,""reasons"":{""UNAPPROVED_PUBLISHER"":1},""reason"":""SOURCE_POLICY_EXCLUSION; not a transport defect""}"
PLTR,iss_cik_0001321655,0,,0,0,0,0,0,0,0,0,0,0,True,AVAILABLE,False,8,False,8,"{""class"":""DATA_DOES_NOT_EXIST"",""stage"":""PRIVATE_LEDGER_NEWS"",""count"":0}"
META,iss_cik_0001326801,0,,0,0,0,0,0,0,0,0,0,0,True,AVAILABLE,False,7,False,8,"{""class"":""DATA_DOES_NOT_EXIST"",""stage"":""PRIVATE_LEDGER_NEWS"",""count"":0}"
ORCL,iss_cik_0001341439,0,,0,0,0,0,0,0,0,0,0,0,True,AVAILABLE,False,7,False,8,"{""class"":""DATA_DOES_NOT_EXIST"",""stage"":""PRIVATE_LEDGER_NEWS"",""count"":0}"
VCYT,iss_cik_0001384101,5,2026-09-30T00:37:23Z,5,1,1,1,1,1,0,1,1,0,False,AVAILABLE,False,8,True,8,"{""class"":""DATA_EXISTS_BUT_IS_FILTERED"",""stage"":""SOURCE_USAGE"",""count"":4,""reasons"":{""UNAPPROVED_PUBLISHER"":4},""reason"":""SOURCE_POLICY_EXCLUSION; not a transport defect""}"
VEON,iss_cik_0001468091,8,2026-09-29T13:15:00Z,8,0,0,0,0,0,0,0,0,0,True,AVAILABLE,True,3,False,8,"{""class"":""DATA_EXISTS_BUT_IS_FILTERED"",""stage"":""SOURCE_USAGE"",""count"":8,""reasons"":{""UNAPPROVED_PUBLISHER"":8},""reason"":""SOURCE_POLICY_EXCLUSION; not a transport defect""}"
XYZ,iss_cik_0001512673,10,2026-10-05T13:00:00Z,10,10,10,10,5,6,4,3,10,0,True,AVAILABLE,False,7,True,8,
RARE,iss_cik_0001515673,10,2026-09-17T19:48:43Z,10,0,0,0,0,0,0,0,0,0,True,AVAILABLE,False,7,False,8,"{""class"":""DATA_EXISTS_BUT_IS_FILTERED"",""stage"":""SOURCE_USAGE"",""count"":10,""reasons"":{""NO_VERIFIED_OWNED_HOST"":10},""reason"":""SOURCE_POLICY_EXCLUSION; not a transport defect""}"
MCHB,iss_cik_0001518715,10,2026-09-16T22:18:00Z,10,10,9,9,1,6,3,3,9,0,False,AVAILABLE,False,6,True,8,"{""class"":""DATA_EXISTS_BUT_IS_NOT_EXPORTED"",""stage"":""APPROVED_CONSUMER_PROJECTION"",""count"":1,""reason"":""DETERMINISTIC_180_DAY_RETENTION"",""verifiedOlderThanRetention"":1}"
AMPY,iss_cik_0001533924,10,2026-08-10T20:15:00Z,10,10,3,3,0,3,0,2,3,0,True,AVAILABLE,False,8,True,8,"{""class"":""DATA_EXISTS_BUT_IS_NOT_EXPORTED"",""stage"":""APPROVED_CONSUMER_PROJECTION"",""count"":7,""reason"":""DETERMINISTIC_180_DAY_RETENTION"",""verifiedOlderThanRetention"":7}"
TOST,iss_cik_0001650164,10,2026-09-29T12:00:00Z,10,10,10,10,4,9,1,3,10,0,True,AVAILABLE,False,7,True,8,
GOOG / GOOGL,iss_cik_0001652044,12,2026-10-02T13:00:00Z,12,10,7,7,0,5,2,2,7,0,False,AVAILABLE,False,9,True,16,"{""class"":""DATA_EXISTS_BUT_IS_FILTERED"",""stage"":""SOURCE_USAGE"",""count"":2,""reasons"":{""UNAPPROVED_PUBLISHER"":2},""reason"":""SOURCE_POLICY_EXCLUSION; not a transport defect""}; {""class"":""DATA_EXISTS_BUT_IS_NOT_EXPORTED"",""stage"":""APPROVED_CONSUMER_PROJECTION"",""count"":3,""reason"":""DETERMINISTIC_180_DAY_RETENTION"",""verifiedOlderThanRetention"":3}"
OPTU,iss_cik_0001702780,10,2026-10-01T14:00:00Z,10,10,10,10,4,9,1,3,10,0,True,AVAILABLE,False,9,True,8,
PYXS,iss_cik_0001782223,9,2026-10-02T11:00:32Z,9,9,9,9,5,9,0,3,9,0,True,AVAILABLE,False,3,True,8,
ROOT,iss_cik_0001788882,10,2026-09-03T20:30:29Z,10,10,10,10,0,5,5,3,10,0,True,AVAILABLE,False,5,True,8,
U,iss_cik_0001810806,0,,0,0,0,0,0,0,0,0,0,0,True,AVAILABLE,False,8,False,8,"{""class"":""DATA_DOES_NOT_EXIST"",""stage"":""PRIVATE_LEDGER_NEWS"",""count"":0}"
XPEV,iss_cik_0001810997,0,,0,0,0,0,0,0,0,0,0,0,True,AVAILABLE,True,2,False,8,"{""class"":""DATA_DOES_NOT_EXIST"",""stage"":""PRIVATE_LEDGER_NEWS"",""count"":0}"
SOFI,iss_cik_0001818874,10,2026-09-29T12:00:00Z,10,10,10,10,3,8,2,3,10,0,True,AVAILABLE,False,8,True,8,
AFRM,iss_cik_0001820953,11,2026-10-05T20:07:00Z,11,11,11,11,5,10,1,3,11,0,True,AVAILABLE,False,6,True,8,
JBI,iss_cik_0001839839,10,2026-09-02T10:50:00Z,10,10,5,5,0,5,0,3,5,0,False,AVAILABLE,False,9,True,8,"{""class"":""DATA_EXISTS_BUT_IS_NOT_EXPORTED"",""stage"":""APPROVED_CONSUMER_PROJECTION"",""count"":5,""reason"":""DETERMINISTIC_180_DAY_RETENTION"",""verifiedOlderThanRetention"":5}"
ARBE,iss_cik_0001861841,10,2026-09-28T20:15:00Z,10,10,10,10,4,9,1,3,10,0,False,AVAILABLE,True,2,True,8,
